Fetching bonus points from GitHub: praveenscience/SSoC25-LeaderboardData-Bonus/bonus-points.json...
Successfully loaded bonus points for 274 entries

Skipping beadarshh/Alex_Interview_Bot (removed from the list due to inactivity).

Fetching PRs for amitkumardemo/EdgeCareer with label SSoC25...
Fetching page of PRs...
Using token ending with ...ix2X
Rate limit: 4999/5000 (resets at 8:01:28 PM)
Retrieved 3 PRs in this page
Total PRs fetched for amitkumardemo/EdgeCareer: 3
Qualifying PR: #50 by aryanguptacsvtu in amitkumardemo/EdgeCareer - Beginner (20 points)
Qualifying PR: #56 by SK8-infi in amitkumardemo/EdgeCareer - Beginner (20 points)
Qualifying PR: #72 by ZarrarPeshimam in amitkumardemo/EdgeCareer - Beginner (20 points)

Skipping opensource-society/CodeSpace (removed from the list due to inactivity).

Skipping shivampatkar/my-portfolio (removed from the list due to inactivity).

Fetching PRs for vanshchauhan21/CryptoTracker with label SSoC25...
Fetching page of PRs...
Using token ending with ...7HYO
Rate limit: 4999/5000 (resets at 8:01:29 PM)
Retrieved 11 PRs in this page
Total PRs fetched for vanshchauhan21/CryptoTracker: 11

Skipping bhavishya2601/skilloria (removed from the list due to inactivity).

Fetching PRs for mryashsinghal/Resume-Builder with label SSoC25...
Fetching page of PRs...
Using token ending with ...ix2X
Rate limit: 4998/5000 (resets at 8:01:28 PM)
Retrieved 19 PRs in this page
Total PRs fetched for mryashsinghal/Resume-Builder: 19
Qualifying PR: #23 by Soumyosish in mryashsinghal/Resume-Builder - Beginner (20 points)
Qualifying PR: #25 by Soumyosish in mryashsinghal/Resume-Builder - Beginner (20 points)
Qualifying PR: #44 by Vaishnavi-Manne in mryashsinghal/Resume-Builder - Beginner (20 points)
Qualifying PR: #49 by SK8-infi in mryashsinghal/Resume-Builder - Beginner (20 points)
Qualifying PR: #50 by Muneerali199 in mryashsinghal/Resume-Builder - Beginner (20 points)
Qualifying PR: #73 by Verma-MK in mryashsinghal/Resume-Builder - Beginner (20 points)
Qualifying PR: #76 by Mohamad-Owais in mryashsinghal/Resume-Builder - Beginner (20 points)
Qualifying PR: #77 by Bavanetha27 in mryashsinghal/Resume-Builder - Intermediate (30 points)
Qualifying PR: #82 by Verma-MK in mryashsinghal/Resume-Builder - Beginner (20 points)
Qualifying PR: #83 by Ronnit44 in mryashsinghal/Resume-Builder - Beginner (20 points)
Qualifying PR: #87 by NA-VNEET in mryashsinghal/Resume-Builder - Beginner (20 points)
Qualifying PR: #116 by Ronnit44 in mryashsinghal/Resume-Builder - Beginner (20 points)
Qualifying PR: #123 by Ronnit44 in mryashsinghal/Resume-Builder - Beginner (20 points)
Qualifying PR: #129 by Harshi-max in mryashsinghal/Resume-Builder - Beginner (20 points)
Qualifying PR: #134 by anchalchaturvedi08 in mryashsinghal/Resume-Builder - Advanced (40 points)
Qualifying PR: #142 by Sahil-Chahal in mryashsinghal/Resume-Builder - Beginner (20 points)
Qualifying PR: #145 by Bavanetha27 in mryashsinghal/Resume-Builder - Intermediate (30 points)
Qualifying PR: #146 by ravneet27062004 in mryashsinghal/Resume-Builder - Beginner (20 points)
Qualifying PR: #147 by ravneet27062004 in mryashsinghal/Resume-Builder - Beginner (20 points)

Fetching PRs for SumitGorai01/TechieBlog with label SSoC25...
Fetching page of PRs...
Using token ending with ...7HYO
Rate limit: 4998/5000 (resets at 8:01:29 PM)
Retrieved 96 PRs in this page
Total PRs fetched for SumitGorai01/TechieBlog: 96
Qualifying PR: #352 by TanmayKalra09 in SumitGorai01/TechieBlog - Beginner (20 points)
Qualifying PR: #353 by SK8-infi in SumitGorai01/TechieBlog - Intermediate (30 points)
Qualifying PR: #354 by shreesriv12 in SumitGorai01/TechieBlog - Advanced (40 points)
Qualifying PR: #355 by imBharathkumarp in SumitGorai01/TechieBlog - Intermediate (30 points)
Qualifying PR: #359 by RinkiJhunjhunwala in SumitGorai01/TechieBlog - Beginner (20 points)
Qualifying PR: #361 by Tarushiiiii in SumitGorai01/TechieBlog - Intermediate (30 points)
Qualifying PR: #362 by YashSavalkar321 in SumitGorai01/TechieBlog - Beginner (20 points)
Qualifying PR: #367 by Tushar-senpai in SumitGorai01/TechieBlog - Advanced (40 points)
Qualifying PR: #372 by AbhinaySngh in SumitGorai01/TechieBlog - Beginner (20 points)
Qualifying PR: #374 by Shashikumar-ezhilarasu in SumitGorai01/TechieBlog - Advanced (40 points)
Qualifying PR: #375 by Shashikumar-ezhilarasu in SumitGorai01/TechieBlog - Intermediate (30 points)
Qualifying PR: #376 by Shashikumar-ezhilarasu in SumitGorai01/TechieBlog - Beginner (20 points)
Qualifying PR: #378 by divyam8175 in SumitGorai01/TechieBlog - Intermediate (30 points)
Qualifying PR: #381 by ravneet27062004 in SumitGorai01/TechieBlog - Beginner (20 points)
Qualifying PR: #384 by kanak227 in SumitGorai01/TechieBlog - Intermediate (30 points)
Qualifying PR: #385 by aryanguptacsvtu in SumitGorai01/TechieBlog - Beginner (20 points)
Qualifying PR: #399 by ZarrarPeshimam in SumitGorai01/TechieBlog - Beginner (20 points)
Qualifying PR: #400 by mansiruhil in SumitGorai01/TechieBlog - Intermediate (30 points)
Qualifying PR: #401 by chehak2004 in SumitGorai01/TechieBlog - Beginner (20 points)
Qualifying PR: #402 by AbhinaySngh in SumitGorai01/TechieBlog - Beginner (20 points)
Qualifying PR: #404 by m1ss-chief in SumitGorai01/TechieBlog - Advanced (40 points)
Qualifying PR: #407 by sayan922 in SumitGorai01/TechieBlog - Beginner (20 points)
Qualifying PR: #409 by sayan922 in SumitGorai01/TechieBlog - Advanced (40 points)
Qualifying PR: #411 by kaurpreetman in SumitGorai01/TechieBlog - Advanced (40 points)
Qualifying PR: #414 by kaurpreetman in SumitGorai01/TechieBlog - Advanced (40 points)
Qualifying PR: #416 by saarang2003 in SumitGorai01/TechieBlog - Beginner (20 points)
Qualifying PR: #418 by HimanshuKabra01 in SumitGorai01/TechieBlog - Beginner (20 points)
Qualifying PR: #419 by YashSavalkar321 in SumitGorai01/TechieBlog - Intermediate (30 points)
Qualifying PR: #424 by Priyakatariya in SumitGorai01/TechieBlog - Beginner (20 points)
Qualifying PR: #432 by HimanshuKabra01 in SumitGorai01/TechieBlog - Intermediate (30 points)
Qualifying PR: #437 by Student-ravneet in SumitGorai01/TechieBlog - Beginner (20 points)
Qualifying PR: #439 by Priyakatariya in SumitGorai01/TechieBlog - Intermediate (30 points)
Qualifying PR: #443 by HimanshuKabra01 in SumitGorai01/TechieBlog - Intermediate (30 points)
Qualifying PR: #447 by Student-ravneet in SumitGorai01/TechieBlog - Beginner (20 points)
Qualifying PR: #450 by shriyanyk in SumitGorai01/TechieBlog - Intermediate (30 points)
Qualifying PR: #456 by Alam9835 in SumitGorai01/TechieBlog - Beginner (20 points)
Qualifying PR: #460 by HimanshuKabra01 in SumitGorai01/TechieBlog - Beginner (20 points)
Qualifying PR: #464 by Anneshabhakta2005 in SumitGorai01/TechieBlog - Advanced (40 points)
Qualifying PR: #472 by Verma-MK in SumitGorai01/TechieBlog - Beginner (20 points)
Qualifying PR: #474 by denshaw-09 in SumitGorai01/TechieBlog - Intermediate (30 points)
Qualifying PR: #475 by ravneet27062004 in SumitGorai01/TechieBlog - Advanced (40 points)
Qualifying PR: #476 by HimanshuKabra01 in SumitGorai01/TechieBlog - Advanced (40 points)
Qualifying PR: #477 by Verma-MK in SumitGorai01/TechieBlog - Intermediate (30 points)
Qualifying PR: #485 by ravneet27062004 in SumitGorai01/TechieBlog - Intermediate (30 points)
Qualifying PR: #486 by ravneet27062004 in SumitGorai01/TechieBlog - Intermediate (30 points)
Qualifying PR: #487 by ravneet27062004 in SumitGorai01/TechieBlog - Beginner (20 points)
Qualifying PR: #488 by Verma-MK in SumitGorai01/TechieBlog - Beginner (20 points)
Qualifying PR: #490 by HimanshuKabra01 in SumitGorai01/TechieBlog - Intermediate (30 points)
Qualifying PR: #492 by Verma-MK in SumitGorai01/TechieBlog - Beginner (20 points)
Qualifying PR: #503 by Namanbanshiwala in SumitGorai01/TechieBlog - Advanced (40 points)
Qualifying PR: #512 by TanmayKalra09 in SumitGorai01/TechieBlog - Advanced (40 points)
Qualifying PR: #513 by TanmayKalra09 in SumitGorai01/TechieBlog - Advanced (40 points)
Qualifying PR: #515 by TanmayKalra09 in SumitGorai01/TechieBlog - Advanced (40 points)
Qualifying PR: #521 by TanmayKalra09 in SumitGorai01/TechieBlog - Advanced (40 points)
Qualifying PR: #524 by TanmayKalra09 in SumitGorai01/TechieBlog - Advanced (40 points)
Qualifying PR: #528 by kaurpreetman in SumitGorai01/TechieBlog - Advanced (40 points)
Qualifying PR: #533 by TanmayKalra09 in SumitGorai01/TechieBlog - Advanced (40 points)
Qualifying PR: #534 by TanmayKalra09 in SumitGorai01/TechieBlog - Advanced (40 points)
Qualifying PR: #538 by TanmayKalra09 in SumitGorai01/TechieBlog - Advanced (40 points)
Qualifying PR: #546 by kaurpreetman in SumitGorai01/TechieBlog - Advanced (40 points)
Qualifying PR: #553 by TanmayKalra09 in SumitGorai01/TechieBlog - Advanced (40 points)
Qualifying PR: #556 by TanmayKalra09 in SumitGorai01/TechieBlog - Advanced (40 points)
Qualifying PR: #557 by TanmayKalra09 in SumitGorai01/TechieBlog - Intermediate (30 points)
Qualifying PR: #558 by TanmayKalra09 in SumitGorai01/TechieBlog - Advanced (40 points)
Qualifying PR: #559 by TanmayKalra09 in SumitGorai01/TechieBlog - Advanced (40 points)
Qualifying PR: #563 by TanmayKalra09 in SumitGorai01/TechieBlog - Intermediate (30 points)
Qualifying PR: #564 by TanmayKalra09 in SumitGorai01/TechieBlog - Intermediate (30 points)
Qualifying PR: #565 by TanmayKalra09 in SumitGorai01/TechieBlog - Intermediate (30 points)
Qualifying PR: #566 by TanmayKalra09 in SumitGorai01/TechieBlog - Advanced (40 points)
Qualifying PR: #570 by TanmayKalra09 in SumitGorai01/TechieBlog - Intermediate (30 points)
Qualifying PR: #571 by TanmayKalra09 in SumitGorai01/TechieBlog - Advanced (40 points)
Qualifying PR: #572 by TanmayKalra09 in SumitGorai01/TechieBlog - Advanced (40 points)
Qualifying PR: #580 by dishaagrawalcodes in SumitGorai01/TechieBlog - Beginner (20 points)
Qualifying PR: #582 by dishaagrawalcodes in SumitGorai01/TechieBlog - Beginner (20 points)
Qualifying PR: #589 by rohit-debnath24 in SumitGorai01/TechieBlog - Beginner (20 points)
Qualifying PR: #597 by TanmayKalra09 in SumitGorai01/TechieBlog - Intermediate (30 points)
Qualifying PR: #600 by TanmayKalra09 in SumitGorai01/TechieBlog - Advanced (40 points)
Qualifying PR: #611 by HimanshuKabra01 in SumitGorai01/TechieBlog - Beginner (20 points)
Qualifying PR: #620 by dishaagrawalcodes in SumitGorai01/TechieBlog - Intermediate (30 points)
Qualifying PR: #621 by TanmayKalra09 in SumitGorai01/TechieBlog - Intermediate (30 points)
Qualifying PR: #622 by TanmayKalra09 in SumitGorai01/TechieBlog - Advanced (40 points)
Qualifying PR: #623 by TanmayKalra09 in SumitGorai01/TechieBlog - Intermediate (30 points)
Qualifying PR: #630 by TanmayKalra09 in SumitGorai01/TechieBlog - Advanced (40 points)
Qualifying PR: #631 by TanmayKalra09 in SumitGorai01/TechieBlog - Intermediate (30 points)
Qualifying PR: #633 by TanmayKalra09 in SumitGorai01/TechieBlog - Intermediate (30 points)
Qualifying PR: #636 by HimanshuKabra01 in SumitGorai01/TechieBlog - Beginner (20 points)

Skipping jayraj175coder/Entertainer (removed from the list due to inactivity).

Fetching PRs for UTSAVS26/PyVerse with label SSoC25...
Fetching page of PRs...
Using token ending with ...ix2X
Rate limit: 4997/5000 (resets at 8:01:28 PM)
Retrieved 96 PRs in this page
Total PRs fetched for UTSAVS26/PyVerse: 96
Qualifying PR: #1312 by adwityac in UTSAVS26/PyVerse - Intermediate (30 points)
Qualifying PR: #1314 by SHIV-360 in UTSAVS26/PyVerse - Intermediate (30 points)
Qualifying PR: #1329 by Bhaanavee in UTSAVS26/PyVerse - Beginner (20 points)
Qualifying PR: #1333 by coddingjatin in UTSAVS26/PyVerse - Intermediate (30 points)
Qualifying PR: #1335 by SK8-infi in UTSAVS26/PyVerse - Beginner (20 points)
Qualifying PR: #1339 by SHIV-360 in UTSAVS26/PyVerse - Intermediate (30 points)
Qualifying PR: #1341 by Mmadan128 in UTSAVS26/PyVerse - Intermediate (30 points)
Qualifying PR: #1342 by tulikaroyy in UTSAVS26/PyVerse - Intermediate (30 points)
Qualifying PR: #1344 by mav01-code in UTSAVS26/PyVerse - Beginner (20 points)
Qualifying PR: #1345 by varun935 in UTSAVS26/PyVerse - Intermediate (30 points)
Qualifying PR: #1351 by AbhishekSharma-9 in UTSAVS26/PyVerse - Intermediate (30 points)
Qualifying PR: #1356 by preritasaini1 in UTSAVS26/PyVerse - Intermediate (30 points)
Qualifying PR: #1357 by SK8-infi in UTSAVS26/PyVerse - Intermediate (30 points)
Qualifying PR: #1366 by Tanishq-789 in UTSAVS26/PyVerse - Intermediate (30 points)
Qualifying PR: #1368 by Jidnyasa-P in UTSAVS26/PyVerse - Beginner (20 points)
Qualifying PR: #1370 by SK8-infi in UTSAVS26/PyVerse - Advanced (40 points)
Qualifying PR: #1372 by Jidnyasa-P in UTSAVS26/PyVerse - Beginner (20 points)
Qualifying PR: #1374 by SK8-infi in UTSAVS26/PyVerse - Intermediate (30 points)
Qualifying PR: #1379 by Poushali-Mitra in UTSAVS26/PyVerse - Beginner (20 points)
Qualifying PR: #1380 by Jidnyasa-P in UTSAVS26/PyVerse - Beginner (20 points)
Qualifying PR: #1382 by SK8-infi in UTSAVS26/PyVerse - Intermediate (30 points)
Qualifying PR: #1385 by UjjWaL-0911 in UTSAVS26/PyVerse - Intermediate (30 points)
Qualifying PR: #1386 by Shreya-Gupta-SG in UTSAVS26/PyVerse - Beginner (20 points)
Qualifying PR: #1387 by Jidnyasa-P in UTSAVS26/PyVerse - Beginner (20 points)
Qualifying PR: #1391 by sneha842 in UTSAVS26/PyVerse - Intermediate (30 points)
Qualifying PR: #1392 by Jidnyasa-P in UTSAVS26/PyVerse - Beginner (20 points)
Qualifying PR: #1396 by Shivu384 in UTSAVS26/PyVerse - Beginner (20 points)
Qualifying PR: #1405 by Shivu384 in UTSAVS26/PyVerse - Intermediate (30 points)
Qualifying PR: #1406 by SK8-infi in UTSAVS26/PyVerse - Advanced (40 points)
Qualifying PR: #1409 by Arihant-Bhandari in UTSAVS26/PyVerse - Advanced (40 points)
Qualifying PR: #1410 by Vrushti-kulkarni in UTSAVS26/PyVerse - Intermediate (30 points)
Qualifying PR: #1412 by Jidnyasa-P in UTSAVS26/PyVerse - Intermediate (30 points)
Qualifying PR: #1413 by SrigadaAkshayKumar in UTSAVS26/PyVerse - Beginner (20 points)
Qualifying PR: #1414 by SamridhiAhuja2075 in UTSAVS26/PyVerse - Beginner (20 points)
Qualifying PR: #1416 by awrya-cmd in UTSAVS26/PyVerse - Beginner (20 points)
Qualifying PR: #1419 by ZarrarPeshimam in UTSAVS26/PyVerse - Beginner (20 points)
Qualifying PR: #1420 by SK8-infi in UTSAVS26/PyVerse - Intermediate (30 points)
Qualifying PR: #1423 by AbhishekSharma-9 in UTSAVS26/PyVerse - Intermediate (30 points)
Qualifying PR: #1424 by arthavjain103 in UTSAVS26/PyVerse - Intermediate (30 points)
Qualifying PR: #1428 by Sejal-collection in UTSAVS26/PyVerse - Beginner (20 points)
Qualifying PR: #1429 by GxAditya in UTSAVS26/PyVerse - Intermediate (30 points)
Qualifying PR: #1430 by SK8-infi in UTSAVS26/PyVerse - Advanced (40 points)
Qualifying PR: #1432 by naveenmvoff in UTSAVS26/PyVerse - Intermediate (30 points)
Qualifying PR: #1433 by Arihant-Bhandari in UTSAVS26/PyVerse - Advanced (40 points)
Qualifying PR: #1437 by kanishgit09 in UTSAVS26/PyVerse - Advanced (40 points)
Qualifying PR: #1438 by SK8-infi in UTSAVS26/PyVerse - Advanced (40 points)
Qualifying PR: #1443 by Shivu384 in UTSAVS26/PyVerse - Intermediate (30 points)
Qualifying PR: #1445 by SrigadaAkshayKumar in UTSAVS26/PyVerse - Beginner (20 points)
Qualifying PR: #1448 by SK8-infi in UTSAVS26/PyVerse - Advanced (40 points)
Qualifying PR: #1449 by SK8-infi in UTSAVS26/PyVerse - Advanced (40 points)
Qualifying PR: #1450 by SK8-infi in UTSAVS26/PyVerse - Advanced (40 points)
Qualifying PR: #1460 by Shivu384 in UTSAVS26/PyVerse - Advanced (40 points)
Qualifying PR: #1461 by Shivu384 in UTSAVS26/PyVerse - Advanced (40 points)
Qualifying PR: #1481 by VenkataSarma in UTSAVS26/PyVerse - Beginner (20 points)
Qualifying PR: #1527 by SK8-infi in UTSAVS26/PyVerse - Advanced (40 points)
Qualifying PR: #1528 by SK8-infi in UTSAVS26/PyVerse - Advanced (40 points)
Qualifying PR: #1529 by SK8-infi in UTSAVS26/PyVerse - Advanced (40 points)
Qualifying PR: #1531 by SK8-infi in UTSAVS26/PyVerse - Advanced (40 points)
Qualifying PR: #1532 by SK8-infi in UTSAVS26/PyVerse - Advanced (40 points)
Qualifying PR: #1546 by SK8-infi in UTSAVS26/PyVerse - Intermediate (30 points)
Qualifying PR: #1547 by SK8-infi in UTSAVS26/PyVerse - Advanced (40 points)
Qualifying PR: #1549 by SK8-infi in UTSAVS26/PyVerse - Advanced (40 points)
Qualifying PR: #1550 by SK8-infi in UTSAVS26/PyVerse - Advanced (40 points)
Qualifying PR: #1551 by SK8-infi in UTSAVS26/PyVerse - Advanced (40 points)
Qualifying PR: #1558 by archangel2006 in UTSAVS26/PyVerse - Beginner (20 points)
Qualifying PR: #1563 by SK8-infi in UTSAVS26/PyVerse - Advanced (40 points)
Qualifying PR: #1566 by SK8-infi in UTSAVS26/PyVerse - Advanced (40 points)
Qualifying PR: #1567 by SK8-infi in UTSAVS26/PyVerse - Advanced (40 points)
Qualifying PR: #1587 by archangel2006 in UTSAVS26/PyVerse - Beginner (20 points)
Qualifying PR: #1630 by SK8-infi in UTSAVS26/PyVerse - Advanced (40 points)
Qualifying PR: #1631 by SK8-infi in UTSAVS26/PyVerse - Advanced (40 points)
Qualifying PR: #1632 by SK8-infi in UTSAVS26/PyVerse - Advanced (40 points)
Qualifying PR: #1633 by SK8-infi in UTSAVS26/PyVerse - Advanced (40 points)
Qualifying PR: #1634 by SK8-infi in UTSAVS26/PyVerse - Advanced (40 points)
Qualifying PR: #1635 by SK8-infi in UTSAVS26/PyVerse - Advanced (40 points)
Qualifying PR: #1636 by SK8-infi in UTSAVS26/PyVerse - Advanced (40 points)
Qualifying PR: #1637 by SK8-infi in UTSAVS26/PyVerse - Advanced (40 points)
Qualifying PR: #1638 by SK8-infi in UTSAVS26/PyVerse - Advanced (40 points)
Qualifying PR: #1674 by SK8-infi in UTSAVS26/PyVerse - Advanced (40 points)
Qualifying PR: #1675 by SK8-infi in UTSAVS26/PyVerse - Advanced (40 points)
Qualifying PR: #1676 by SK8-infi in UTSAVS26/PyVerse - Advanced (40 points)
Qualifying PR: #1677 by SK8-infi in UTSAVS26/PyVerse - Advanced (40 points)
Qualifying PR: #1678 by SK8-infi in UTSAVS26/PyVerse - Advanced (40 points)
Qualifying PR: #1679 by SK8-infi in UTSAVS26/PyVerse - Advanced (40 points)
Qualifying PR: #1680 by SK8-infi in UTSAVS26/PyVerse - Advanced (40 points)
Qualifying PR: #1681 by SK8-infi in UTSAVS26/PyVerse - Advanced (40 points)
Qualifying PR: #1682 by SK8-infi in UTSAVS26/PyVerse - Advanced (40 points)
Qualifying PR: #1683 by SK8-infi in UTSAVS26/PyVerse - Advanced (40 points)
Qualifying PR: #1684 by SK8-infi in UTSAVS26/PyVerse - Advanced (40 points)
Qualifying PR: #1685 by SK8-infi in UTSAVS26/PyVerse - Advanced (40 points)
Qualifying PR: #1686 by SK8-infi in UTSAVS26/PyVerse - Advanced (40 points)
Qualifying PR: #1687 by SK8-infi in UTSAVS26/PyVerse - Advanced (40 points)
Qualifying PR: #1688 by SK8-infi in UTSAVS26/PyVerse - Advanced (40 points)
Qualifying PR: #1689 by SK8-infi in UTSAVS26/PyVerse - Advanced (40 points)
Qualifying PR: #1690 by SK8-infi in UTSAVS26/PyVerse - Advanced (40 points)

Skipping rajdeep13-coder/Resume-Generator (removed from the list due to inactivity).

Skipping Samarcodesinpython/Ni-Swarth (removed from the list due to inactivity).

Fetching PRs for adityas1309/RaktConnect with label SSoC25...
Fetching page of PRs...
Using token ending with ...7HYO
Rate limit: 4997/5000 (resets at 8:01:29 PM)
Retrieved 34 PRs in this page
Total PRs fetched for adityas1309/RaktConnect: 34
Qualifying PR: #13 by Ranganivandan in adityas1309/RaktConnect - Beginner (20 points)
Qualifying PR: #17 by adwityac in adityas1309/RaktConnect - Beginner (20 points)
Qualifying PR: #19 by SK8-infi in adityas1309/RaktConnect - Beginner (20 points)
Qualifying PR: #20 by arthavjain103 in adityas1309/RaktConnect - Beginner (20 points)
Qualifying PR: #21 by Vitalvarma in adityas1309/RaktConnect - Beginner (20 points)
Qualifying PR: #30 by Vitalvarma in adityas1309/RaktConnect - Beginner (20 points)
Qualifying PR: #32 by aryann2319 in adityas1309/RaktConnect - Intermediate (30 points)
Qualifying PR: #36 by DivyaMandve in adityas1309/RaktConnect - Intermediate (30 points)
Qualifying PR: #39 by Sanjna07 in adityas1309/RaktConnect - Intermediate (30 points)
Qualifying PR: #40 by AnoushkaSamanta in adityas1309/RaktConnect - Intermediate (30 points)
Qualifying PR: #46 by Mitali-119 in adityas1309/RaktConnect - Beginner (20 points)
Qualifying PR: #47 by Samriddhi903 in adityas1309/RaktConnect - Beginner (20 points)
Qualifying PR: #53 by Vitalvarma in adityas1309/RaktConnect - Beginner (20 points)
Qualifying PR: #60 by dishaagrawalcodes in adityas1309/RaktConnect - Advanced (40 points)
Qualifying PR: #63 by aryanguptacsvtu in adityas1309/RaktConnect - Beginner (20 points)
Qualifying PR: #64 by YashChauhan-2303 in adityas1309/RaktConnect - Intermediate (30 points)
Qualifying PR: #65 by ayushjava07 in adityas1309/RaktConnect - Advanced (40 points)
Qualifying PR: #67 by MayankV004 in adityas1309/RaktConnect - Beginner (20 points)
Qualifying PR: #68 by Dipanita45 in adityas1309/RaktConnect - Beginner (20 points)
Qualifying PR: #70 by ayushjava07 in adityas1309/RaktConnect - Beginner (20 points)
Qualifying PR: #71 by YashChauhan-2303 in adityas1309/RaktConnect - Intermediate (30 points)
Qualifying PR: #74 by Webwizzz22 in adityas1309/RaktConnect - Beginner (20 points)
Qualifying PR: #75 by manavi-24 in adityas1309/RaktConnect - Advanced (40 points)
Qualifying PR: #82 by sayan922 in adityas1309/RaktConnect - Beginner (20 points)
Qualifying PR: #88 by HimanshuKabra01 in adityas1309/RaktConnect - Beginner (20 points)
Qualifying PR: #94 by Samridhi-2007 in adityas1309/RaktConnect - Beginner (20 points)
Qualifying PR: #96 by Webwizzz22 in adityas1309/RaktConnect - Beginner (20 points)
Qualifying PR: #101 by Webwizzz22 in adityas1309/RaktConnect - Beginner (20 points)
Qualifying PR: #102 by AnishSambhwani8278 in adityas1309/RaktConnect - Beginner (20 points)
Qualifying PR: #108 by RinkiJhunjhunwala in adityas1309/RaktConnect - Beginner (20 points)
Qualifying PR: #110 by Verma-MK in adityas1309/RaktConnect - Beginner (20 points)
Qualifying PR: #125 by GarimaYadav29 in adityas1309/RaktConnect - Advanced (40 points)
Qualifying PR: #127 by dishaagrawalcodes in adityas1309/RaktConnect - Advanced (40 points)

Skipping Dipanita45/HEALCONNECT (removed from the list due to inactivity).

Fetching PRs for Dev-Dhruba/NeuroDev-Therapy with label SSoC25...
Fetching page of PRs...
Using token ending with ...ix2X
Rate limit: 4996/5000 (resets at 8:01:28 PM)
Retrieved 9 PRs in this page
Total PRs fetched for Dev-Dhruba/NeuroDev-Therapy: 9
Qualifying PR: #26 by kauntiaakash2 in Dev-Dhruba/NeuroDev-Therapy - Beginner (20 points)
Qualifying PR: #33 by Asterioxer in Dev-Dhruba/NeuroDev-Therapy - Beginner (20 points)
Qualifying PR: #34 by kauntiaakash2 in Dev-Dhruba/NeuroDev-Therapy - Intermediate (30 points)
Qualifying PR: #43 by manavi-24 in Dev-Dhruba/NeuroDev-Therapy - Intermediate (30 points)
Qualifying PR: #44 by 2024yuva in Dev-Dhruba/NeuroDev-Therapy - Beginner (20 points)
Qualifying PR: #53 by vivekd16 in Dev-Dhruba/NeuroDev-Therapy - Intermediate (30 points)
Qualifying PR: #54 by vivekd16 in Dev-Dhruba/NeuroDev-Therapy - Beginner (20 points)
Qualifying PR: #77 by archangel2006 in Dev-Dhruba/NeuroDev-Therapy - Advanced (40 points)
Qualifying PR: #91 by michael-0007a in Dev-Dhruba/NeuroDev-Therapy - Advanced (40 points)

Skipping Debanjannnn/DACCY (removed from the list due to inactivity).

Skipping PerseusKyogre09/ScrollCue.js (removed from the list due to inactivity).

Skipping codeaashu/DevDisplay (removed from the list due to inactivity).

Skipping Vaibhav-kesarwani/Codeforces-Problem-Recommender (removed from the list due to inactivity).

Skipping Cyberninja30/TeleRehab (removed from the list due to inactivity).

Skipping Aryan-coder-student/NeuroVision-BHPC (removed from the list due to inactivity).

Fetching PRs for alienx5499/SortVision with label SSoC25...
Fetching page of PRs...
Using token ending with ...7HYO
Rate limit: 4996/5000 (resets at 8:01:29 PM)
Retrieved 100 PRs in this page
Fetching page of PRs with cursor...
Using token ending with ...ix2X
Rate limit: 4995/5000 (resets at 8:01:28 PM)
Retrieved 74 PRs in this page
Total PRs fetched for alienx5499/SortVision: 174
Qualifying PR: #60 by piyushdhoka in alienx5499/SortVision - Intermediate (30 points)
Qualifying PR: #68 by mukul-sharma-tech in alienx5499/SortVision - Beginner (20 points)
Qualifying PR: #69 by maheswari8074 in alienx5499/SortVision - Intermediate (30 points)
Qualifying PR: #71 by piyushdhoka in alienx5499/SortVision - Intermediate (30 points)
Qualifying PR: #111 by piyushdhoka in alienx5499/SortVision - Beginner (20 points)
Qualifying PR: #122 by Somilg11 in alienx5499/SortVision - Beginner (20 points)
Qualifying PR: #130 by Somilg11 in alienx5499/SortVision - Beginner (20 points)
Qualifying PR: #158 by HimanshuKabra01 in alienx5499/SortVision - Beginner (20 points)
Qualifying PR: #159 by Somilg11 in alienx5499/SortVision - Beginner (20 points)
Qualifying PR: #161 by Somilg11 in alienx5499/SortVision - Beginner (20 points)
Qualifying PR: #162 by vivekd16 in alienx5499/SortVision - Advanced (40 points)
Qualifying PR: #163 by Somilg11 in alienx5499/SortVision - Beginner (20 points)
Qualifying PR: #164 by maheswari8074 in alienx5499/SortVision - Beginner (20 points)
Qualifying PR: #166 by mukul-sharma-tech in alienx5499/SortVision - Beginner (20 points)
Qualifying PR: #167 by aryanguptacsvtu in alienx5499/SortVision - Beginner (20 points)
Qualifying PR: #170 by Atharva-Kale1 in alienx5499/SortVision - Beginner (20 points)
Qualifying PR: #173 by maheswari8074 in alienx5499/SortVision - Beginner (20 points)
Qualifying PR: #175 by Asterioxer in alienx5499/SortVision - Beginner (20 points)
Qualifying PR: #177 by Sainava in alienx5499/SortVision - Beginner (20 points)
Qualifying PR: #178 by piyushdhoka in alienx5499/SortVision - Beginner (20 points)
Qualifying PR: #179 by Priyakatariya in alienx5499/SortVision - Beginner (20 points)
Qualifying PR: #180 by piyushdhoka in alienx5499/SortVision - Beginner (20 points)
Qualifying PR: #182 by Asterioxer in alienx5499/SortVision - Beginner (20 points)
Qualifying PR: #183 by piyushdhoka in alienx5499/SortVision - Beginner (20 points)
Qualifying PR: #185 by piyushdhoka in alienx5499/SortVision - Beginner (20 points)
Qualifying PR: #186 by piyushdhoka in alienx5499/SortVision - Beginner (20 points)
Qualifying PR: #187 by piyushdhoka in alienx5499/SortVision - Beginner (20 points)
Qualifying PR: #188 by tanu91112 in alienx5499/SortVision - Beginner (20 points)
Qualifying PR: #189 by piyushdhoka in alienx5499/SortVision - Beginner (20 points)
Qualifying PR: #190 by piyushdhoka in alienx5499/SortVision - Beginner (20 points)
Qualifying PR: #191 by piyushdhoka in alienx5499/SortVision - Beginner (20 points)
Qualifying PR: #192 by piyushdhoka in alienx5499/SortVision - Beginner (20 points)
Qualifying PR: #193 by piyushdhoka in alienx5499/SortVision - Beginner (20 points)
Qualifying PR: #194 by Apurba-01 in alienx5499/SortVision - Beginner (20 points)
Qualifying PR: #197 by Apurba-01 in alienx5499/SortVision - Beginner (20 points)
Qualifying PR: #201 by Jidnyasa-P in alienx5499/SortVision - Beginner (20 points)
Qualifying PR: #202 by arthavjain103 in alienx5499/SortVision - Beginner (20 points)
Qualifying PR: #214 by Atharva-Kale1 in alienx5499/SortVision - Beginner (20 points)
Qualifying PR: #216 by Jidnyasa-P in alienx5499/SortVision - Beginner (20 points)
Qualifying PR: #217 by Jidnyasa-P in alienx5499/SortVision - Beginner (20 points)
Qualifying PR: #218 by Jidnyasa-P in alienx5499/SortVision - Beginner (20 points)
Qualifying PR: #219 by HimanshuKabra01 in alienx5499/SortVision - Beginner (20 points)
Qualifying PR: #223 by Somilg11 in alienx5499/SortVision - Beginner (20 points)
Qualifying PR: #224 by Somilg11 in alienx5499/SortVision - Beginner (20 points)
Qualifying PR: #225 by piyushdhoka in alienx5499/SortVision - Beginner (20 points)
Qualifying PR: #226 by arthavjain103 in alienx5499/SortVision - Beginner (20 points)
Qualifying PR: #227 by piyushdhoka in alienx5499/SortVision - Beginner (20 points)
Qualifying PR: #228 by piyushdhoka in alienx5499/SortVision - Beginner (20 points)
Qualifying PR: #229 by 2024yuva in alienx5499/SortVision - Beginner (20 points)
Qualifying PR: #233 by Jidnyasa-P in alienx5499/SortVision - Beginner (20 points)
Qualifying PR: #235 by Asterioxer in alienx5499/SortVision - Beginner (20 points)
Qualifying PR: #236 by sumit-make in alienx5499/SortVision - Beginner (20 points)
Qualifying PR: #237 by BalajiMittapalli in alienx5499/SortVision - Beginner (20 points)
Qualifying PR: #239 by Apurba-01 in alienx5499/SortVision - Beginner (20 points)
Qualifying PR: #241 by Coden-inja in alienx5499/SortVision - Advanced (40 points)
Qualifying PR: #242 by jeevaananthan52 in alienx5499/SortVision - Beginner (20 points)
Qualifying PR: #244 by akashbisht004 in alienx5499/SortVision - Beginner (20 points)
Qualifying PR: #245 by akashbisht004 in alienx5499/SortVision - Beginner (20 points)
Qualifying PR: #248 by Apurba-01 in alienx5499/SortVision - Beginner (20 points)
Qualifying PR: #251 by Sainava in alienx5499/SortVision - Beginner (20 points)
Qualifying PR: #252 by Apurba-01 in alienx5499/SortVision - Beginner (20 points)
Qualifying PR: #253 by Vishisht-Dwivedi in alienx5499/SortVision - Beginner (20 points)
Qualifying PR: #256 by Gargibajpai in alienx5499/SortVision - Beginner (20 points)
Qualifying PR: #257 by maheswari8074 in alienx5499/SortVision - Beginner (20 points)
Qualifying PR: #259 by vivekd16 in alienx5499/SortVision - Beginner (20 points)
Qualifying PR: #263 by SubhamKojha in alienx5499/SortVision - Beginner (20 points)
Qualifying PR: #336 by Atharva-Kale1 in alienx5499/SortVision - Beginner (20 points)
Qualifying PR: #337 by Atharva-Kale1 in alienx5499/SortVision - Beginner (20 points)
Qualifying PR: #339 by Atharva-Kale1 in alienx5499/SortVision - Beginner (20 points)
Qualifying PR: #340 by Jidnyasa-P in alienx5499/SortVision - Beginner (20 points)
Qualifying PR: #341 by Priyakatariya in alienx5499/SortVision - Intermediate (30 points)
Qualifying PR: #342 by Somilg11 in alienx5499/SortVision - Beginner (20 points)
Qualifying PR: #345 by Sainava in alienx5499/SortVision - Beginner (20 points)
Qualifying PR: #346 by Gargibajpai in alienx5499/SortVision - Beginner (20 points)
Qualifying PR: #347 by vivekd16 in alienx5499/SortVision - Beginner (20 points)
Qualifying PR: #348 by vivekd16 in alienx5499/SortVision - Beginner (20 points)
Qualifying PR: #349 by vivekd16 in alienx5499/SortVision - Beginner (20 points)
Qualifying PR: #350 by HimanshuKabra01 in alienx5499/SortVision - Beginner (20 points)
Qualifying PR: #351 by Asterioxer in alienx5499/SortVision - Beginner (20 points)
Qualifying PR: #352 by piyushdhoka in alienx5499/SortVision - Beginner (20 points)
Qualifying PR: #353 by piyushdhoka in alienx5499/SortVision - Beginner (20 points)
Qualifying PR: #354 by Asterioxer in alienx5499/SortVision - Beginner (20 points)
Qualifying PR: #355 by pooja1932 in alienx5499/SortVision - Beginner (20 points)
Qualifying PR: #356 by maheswari8074 in alienx5499/SortVision - Beginner (20 points)
Qualifying PR: #357 by Sejal-collection in alienx5499/SortVision - Beginner (20 points)
Qualifying PR: #360 by HimanshuKabra01 in alienx5499/SortVision - Beginner (20 points)
Qualifying PR: #361 by piyushdhoka in alienx5499/SortVision - Beginner (20 points)
Qualifying PR: #362 by Sainava in alienx5499/SortVision - Beginner (20 points)
Qualifying PR: #365 by Sushma-1706 in alienx5499/SortVision - Beginner (20 points)
Qualifying PR: #366 by HimanshuKabra01 in alienx5499/SortVision - Beginner (20 points)
Qualifying PR: #407 by MRohit-2003 in alienx5499/SortVision - Advanced (40 points)
Qualifying PR: #408 by maheswari8074 in alienx5499/SortVision - Beginner (20 points)
Qualifying PR: #409 by Jidnyasa-P in alienx5499/SortVision - Beginner (20 points)
Qualifying PR: #410 by Jidnyasa-P in alienx5499/SortVision - Beginner (20 points)
Qualifying PR: #411 by maheswari8074 in alienx5499/SortVision - Beginner (20 points)
Qualifying PR: #412 by Jidnyasa-P in alienx5499/SortVision - Beginner (20 points)
Qualifying PR: #414 by maheswari8074 in alienx5499/SortVision - Beginner (20 points)
Qualifying PR: #415 by Jidnyasa-P in alienx5499/SortVision - Beginner (20 points)
Qualifying PR: #417 by Jidnyasa-P in alienx5499/SortVision - Beginner (20 points)
Qualifying PR: #418 by Jidnyasa-P in alienx5499/SortVision - Beginner (20 points)
Qualifying PR: #419 by Jidnyasa-P in alienx5499/SortVision - Beginner (20 points)
Qualifying PR: #420 by Jidnyasa-P in alienx5499/SortVision - Beginner (20 points)
Qualifying PR: #421 by piyushdhoka in alienx5499/SortVision - Beginner (20 points)
Qualifying PR: #422 by vivekd16 in alienx5499/SortVision - Beginner (20 points)
Qualifying PR: #423 by vivekd16 in alienx5499/SortVision - Beginner (20 points)
Qualifying PR: #424 by vivekd16 in alienx5499/SortVision - Beginner (20 points)
Qualifying PR: #425 by piyushdhoka in alienx5499/SortVision - Beginner (20 points)
Qualifying PR: #426 by vivekd16 in alienx5499/SortVision - Beginner (20 points)
Qualifying PR: #427 by piyushdhoka in alienx5499/SortVision - Beginner (20 points)
Qualifying PR: #429 by HimanshuKabra01 in alienx5499/SortVision - Beginner (20 points)
Qualifying PR: #430 by piyushdhoka in alienx5499/SortVision - Beginner (20 points)
Qualifying PR: #431 by piyushdhoka in alienx5499/SortVision - Beginner (20 points)
Qualifying PR: #432 by piyushdhoka in alienx5499/SortVision - Beginner (20 points)
Qualifying PR: #433 by piyushdhoka in alienx5499/SortVision - Beginner (20 points)
Qualifying PR: #434 by Apurba-01 in alienx5499/SortVision - Beginner (20 points)
Qualifying PR: #436 by Asterioxer in alienx5499/SortVision - Beginner (20 points)
Qualifying PR: #437 by Asterioxer in alienx5499/SortVision - Beginner (20 points)
Qualifying PR: #438 by Asterioxer in alienx5499/SortVision - Beginner (20 points)
Qualifying PR: #439 by maheswari8074 in alienx5499/SortVision - Beginner (20 points)
Qualifying PR: #440 by maheswari8074 in alienx5499/SortVision - Beginner (20 points)
Qualifying PR: #441 by HimanshuKabra01 in alienx5499/SortVision - Beginner (20 points)
Qualifying PR: #442 by Apurba-01 in alienx5499/SortVision - Beginner (20 points)
Qualifying PR: #443 by Apurba-01 in alienx5499/SortVision - Beginner (20 points)
Qualifying PR: #444 by Apurba-01 in alienx5499/SortVision - Beginner (20 points)
Qualifying PR: #445 by HimanshuKabra01 in alienx5499/SortVision - Beginner (20 points)
Qualifying PR: #446 by Sainava in alienx5499/SortVision - Beginner (20 points)
Qualifying PR: #447 by Sainava in alienx5499/SortVision - Beginner (20 points)
Qualifying PR: #448 by Sainava in alienx5499/SortVision - Beginner (20 points)
Qualifying PR: #449 by Sainava in alienx5499/SortVision - Beginner (20 points)
Qualifying PR: #451 by Ananyaa03 in alienx5499/SortVision - Beginner (20 points)
Qualifying PR: #454 by NandaGunasri in alienx5499/SortVision - Beginner (20 points)
Qualifying PR: #459 by Sainava in alienx5499/SortVision - Beginner (20 points)
Qualifying PR: #463 by Ananyaa03 in alienx5499/SortVision - Beginner (20 points)
Qualifying PR: #467 by piyushdhoka in alienx5499/SortVision - Beginner (20 points)
Qualifying PR: #478 by ssid18 in alienx5499/SortVision - Beginner (20 points)
Qualifying PR: #479 by Jidnyasa-P in alienx5499/SortVision - Beginner (20 points)
Qualifying PR: #535 by piyushdhoka in alienx5499/SortVision - Beginner (20 points)
Qualifying PR: #536 by Priyakatariya in alienx5499/SortVision - Beginner (20 points)
Qualifying PR: #537 by SK8-infi in alienx5499/SortVision - Beginner (20 points)
Qualifying PR: #538 by SK8-infi in alienx5499/SortVision - Beginner (20 points)
Qualifying PR: #540 by InMostCalmness-Rahul in alienx5499/SortVision - Beginner (20 points)
Qualifying PR: #541 by HimanshuKabra01 in alienx5499/SortVision - Beginner (20 points)
Qualifying PR: #542 by ssid18 in alienx5499/SortVision - Beginner (20 points)
Qualifying PR: #543 by imBharathkumarp in alienx5499/SortVision - Beginner (20 points)
Qualifying PR: #544 by Sejal-collection in alienx5499/SortVision - Beginner (20 points)
Qualifying PR: #546 by HimanshuKabra01 in alienx5499/SortVision - Beginner (20 points)
Qualifying PR: #547 by piyushdhoka in alienx5499/SortVision - Beginner (20 points)
Qualifying PR: #548 by SK8-infi in alienx5499/SortVision - Beginner (20 points)
Qualifying PR: #549 by HimanshuKabra01 in alienx5499/SortVision - Beginner (20 points)
Qualifying PR: #550 by vivekd16 in alienx5499/SortVision - Advanced (40 points)
Qualifying PR: #551 by piyushdhoka in alienx5499/SortVision - Beginner (20 points)
Qualifying PR: #554 by Asterioxer in alienx5499/SortVision - Beginner (20 points)
Qualifying PR: #555 by HimanshuKabra01 in alienx5499/SortVision - Beginner (20 points)
Qualifying PR: #556 by piyushdhoka in alienx5499/SortVision - Beginner (20 points)
Qualifying PR: #558 by vivekd16 in alienx5499/SortVision - Beginner (20 points)
Qualifying PR: #560 by vivekd16 in alienx5499/SortVision - Beginner (20 points)
Qualifying PR: #561 by Sainava in alienx5499/SortVision - Beginner (20 points)
Qualifying PR: #562 by Jidnyasa-P in alienx5499/SortVision - Beginner (20 points)
Qualifying PR: #563 by Asterioxer in alienx5499/SortVision - Beginner (20 points)
Qualifying PR: #568 by Dipanita45 in alienx5499/SortVision - Beginner (20 points)
Qualifying PR: #570 by Asterioxer in alienx5499/SortVision - Beginner (20 points)
Qualifying PR: #575 by Asterioxer in alienx5499/SortVision - Beginner (20 points)
Qualifying PR: #583 by Shivu384 in alienx5499/SortVision - Advanced (40 points)
Qualifying PR: #587 by piyushdhoka in alienx5499/SortVision - Beginner (20 points)
Qualifying PR: #593 by piyushdhoka in alienx5499/SortVision - Intermediate (30 points)
Qualifying PR: #602 by Priyakatariya in alienx5499/SortVision - Intermediate (30 points)
Qualifying PR: #603 by HimanshuKabra01 in alienx5499/SortVision - Intermediate (30 points)
Qualifying PR: #604 by Priyakatariya in alienx5499/SortVision - Beginner (20 points)
Qualifying PR: #605 by Priyakatariya in alienx5499/SortVision - Beginner (20 points)
Qualifying PR: #606 by Priyakatariya in alienx5499/SortVision - Beginner (20 points)
Qualifying PR: #607 by Priyakatariya in alienx5499/SortVision - Beginner (20 points)
Qualifying PR: #614 by 2024yuva in alienx5499/SortVision - Intermediate (30 points)

Fetching PRs for divi-24/SheSync with label SSoC25...
Fetching page of PRs...
Using token ending with ...7HYO
Rate limit: 4995/5000 (resets at 8:01:29 PM)
Retrieved 100 PRs in this page
Fetching page of PRs with cursor...
Using token ending with ...ix2X
Rate limit: 4994/5000 (resets at 8:01:28 PM)
Retrieved 5 PRs in this page
Total PRs fetched for divi-24/SheSync: 105
Qualifying PR: #31 by pari3654 in divi-24/SheSync - Beginner (20 points)
Qualifying PR: #59 by atul812 in divi-24/SheSync - Intermediate (30 points)
Qualifying PR: #84 by atul812 in divi-24/SheSync - Beginner (20 points)
Qualifying PR: #96 by arthavjain103 in divi-24/SheSync - Beginner (20 points)
Qualifying PR: #98 by AasthaPoswal in divi-24/SheSync - Intermediate (30 points)
Qualifying PR: #99 by DeadpoolX7 in divi-24/SheSync - Advanced (40 points)
Qualifying PR: #100 by Dipanita45 in divi-24/SheSync - Beginner (20 points)
Qualifying PR: #103 by arjavjain5203 in divi-24/SheSync - Beginner (20 points)
Qualifying PR: #104 by afreenaiml in divi-24/SheSync - Intermediate (30 points)
Qualifying PR: #105 by umarsayed12 in divi-24/SheSync - Beginner (20 points)
Qualifying PR: #113 by aryanguptacsvtu in divi-24/SheSync - Beginner (20 points)
Qualifying PR: #116 by Muneerali199 in divi-24/SheSync - Beginner (20 points)
Qualifying PR: #117 by aryannkaushikk in divi-24/SheSync - Beginner (20 points)
Qualifying PR: #119 by pari3654 in divi-24/SheSync - Beginner (20 points)
Qualifying PR: #122 by umarsayed12 in divi-24/SheSync - Intermediate (30 points)
Qualifying PR: #124 by Webwizzz22 in divi-24/SheSync - Beginner (20 points)
Qualifying PR: #126 by Tushar-senpai in divi-24/SheSync - Beginner (20 points)
Qualifying PR: #134 by kanak227 in divi-24/SheSync - Beginner (20 points)
Qualifying PR: #135 by kanak227 in divi-24/SheSync - Beginner (20 points)
Qualifying PR: #139 by atul812 in divi-24/SheSync - Intermediate (30 points)
Qualifying PR: #144 by tanu91112 in divi-24/SheSync - Intermediate (30 points)
Qualifying PR: #147 by SubhamKojha in divi-24/SheSync - Intermediate (30 points)
Qualifying PR: #149 by SubhamKojha in divi-24/SheSync - Beginner (20 points)
Qualifying PR: #152 by aryann2319 in divi-24/SheSync - Advanced (40 points)
Qualifying PR: #162 by Coden-inja in divi-24/SheSync - Advanced (40 points)
Qualifying PR: #175 by gourikasoni in divi-24/SheSync - Beginner (20 points)
Qualifying PR: #178 by kotlalokeshwari098 in divi-24/SheSync - Beginner (20 points)
Qualifying PR: #185 by aryann2319 in divi-24/SheSync - Advanced (40 points)
Qualifying PR: #187 by kotlalokeshwari098 in divi-24/SheSync - Beginner (20 points)
Qualifying PR: #191 by archangel2006 in divi-24/SheSync - Intermediate (30 points)
Qualifying PR: #192 by nikhil-agrawal123 in divi-24/SheSync - Beginner (20 points)
Qualifying PR: #198 by aryann2319 in divi-24/SheSync - Intermediate (30 points)
Qualifying PR: #209 by VJLIVE in divi-24/SheSync - Advanced (40 points)
Qualifying PR: #214 by MaulikGupta27 in divi-24/SheSync - Beginner (20 points)
Qualifying PR: #215 by Code-writter in divi-24/SheSync - Intermediate (30 points)
Qualifying PR: #225 by umarsayed12 in divi-24/SheSync - Beginner (20 points)
Qualifying PR: #229 by MaulikGupta27 in divi-24/SheSync - Beginner (20 points)
Qualifying PR: #231 by MaulikGupta27 in divi-24/SheSync - Beginner (20 points)
Qualifying PR: #235 by Code-writter in divi-24/SheSync - Advanced (40 points)
Qualifying PR: #241 by MaulikGupta27 in divi-24/SheSync - Beginner (20 points)
Qualifying PR: #242 by MaulikGupta27 in divi-24/SheSync - Beginner (20 points)
Qualifying PR: #243 by MaulikGupta27 in divi-24/SheSync - Beginner (20 points)
Qualifying PR: #248 by MaulikGupta27 in divi-24/SheSync - Beginner (20 points)
Qualifying PR: #257 by MaulikGupta27 in divi-24/SheSync - Beginner (20 points)
Qualifying PR: #262 by MaulikGupta27 in divi-24/SheSync - Beginner (20 points)
Qualifying PR: #263 by MaulikGupta27 in divi-24/SheSync - Beginner (20 points)
Qualifying PR: #266 by aliviahossain in divi-24/SheSync - Beginner (20 points)
Qualifying PR: #270 by kumkumverm in divi-24/SheSync - Beginner (20 points)
Qualifying PR: #282 by kumkumverm in divi-24/SheSync - Beginner (20 points)
Qualifying PR: #283 by kumkumverm in divi-24/SheSync - Beginner (20 points)
Qualifying PR: #288 by VJLIVE in divi-24/SheSync - Beginner (20 points)
Qualifying PR: #293 by MaulikGupta27 in divi-24/SheSync - Beginner (20 points)
Qualifying PR: #294 by MaulikGupta27 in divi-24/SheSync - Beginner (20 points)
Qualifying PR: #295 by MaulikGupta27 in divi-24/SheSync - Beginner (20 points)
Qualifying PR: #304 by Suhaniisingh05 in divi-24/SheSync - Beginner (20 points)
Qualifying PR: #310 by VJLIVE in divi-24/SheSync - Beginner (20 points)
Qualifying PR: #314 by VJLIVE in divi-24/SheSync - Beginner (20 points)
Qualifying PR: #325 by MaulikGupta27 in divi-24/SheSync - Beginner (20 points)
Qualifying PR: #332 by VJLIVE in divi-24/SheSync - Beginner (20 points)
Qualifying PR: #335 by VJLIVE in divi-24/SheSync - Beginner (20 points)
Qualifying PR: #340 by kumkumverm in divi-24/SheSync - Beginner (20 points)
Qualifying PR: #344 by michael-0007a in divi-24/SheSync - Intermediate (30 points)
Qualifying PR: #345 by michael-0007a in divi-24/SheSync - Beginner (20 points)
Qualifying PR: #346 by michael-0007a in divi-24/SheSync - Beginner (20 points)
Qualifying PR: #349 by michael-0007a in divi-24/SheSync - Advanced (40 points)
Qualifying PR: #351 by michael-0007a in divi-24/SheSync - Intermediate (30 points)
Qualifying PR: #358 by Coden-inja in divi-24/SheSync - Advanced (40 points)
Qualifying PR: #359 by Coden-inja in divi-24/SheSync - Advanced (40 points)
Qualifying PR: #361 by MaulikGupta27 in divi-24/SheSync - Advanced (40 points)
Qualifying PR: #363 by MaulikGupta27 in divi-24/SheSync - Advanced (40 points)
Qualifying PR: #366 by MaulikGupta27 in divi-24/SheSync - Advanced (40 points)
Qualifying PR: #367 by MaulikGupta27 in divi-24/SheSync - Advanced (40 points)
Qualifying PR: #370 by MaulikGupta27 in divi-24/SheSync - Advanced (40 points)
Qualifying PR: #372 by MaulikGupta27 in divi-24/SheSync - Advanced (40 points)
Qualifying PR: #376 by MaulikGupta27 in divi-24/SheSync - Advanced (40 points)
Qualifying PR: #378 by MaulikGupta27 in divi-24/SheSync - Advanced (40 points)
Qualifying PR: #380 by MaulikGupta27 in divi-24/SheSync - Advanced (40 points)
Qualifying PR: #384 by MaulikGupta27 in divi-24/SheSync - Advanced (40 points)
Qualifying PR: #391 by MaulikGupta27 in divi-24/SheSync - Advanced (40 points)
Qualifying PR: #396 by MaulikGupta27 in divi-24/SheSync - Advanced (40 points)
Qualifying PR: #398 by MaulikGupta27 in divi-24/SheSync - Advanced (40 points)
Qualifying PR: #401 by MaulikGupta27 in divi-24/SheSync - Advanced (40 points)
Qualifying PR: #402 by Bavanetha27 in divi-24/SheSync - Intermediate (30 points)
Qualifying PR: #406 by MaulikGupta27 in divi-24/SheSync - Advanced (40 points)
Qualifying PR: #420 by Dipanita45 in divi-24/SheSync - Beginner (20 points)
Qualifying PR: #421 by Dipanita45 in divi-24/SheSync - Beginner (20 points)
Qualifying PR: #422 by Dipanita45 in divi-24/SheSync - Beginner (20 points)
Qualifying PR: #423 by Dipanita45 in divi-24/SheSync - Beginner (20 points)
Qualifying PR: #424 by Dipanita45 in divi-24/SheSync - Beginner (20 points)
Qualifying PR: #427 by Dipanita45 in divi-24/SheSync - Beginner (20 points)
Qualifying PR: #428 by Dipanita45 in divi-24/SheSync - Beginner (20 points)

Skipping divi-24/IG3D (removed from the list due to inactivity).

Fetching PRs for k0msenapati/study-sphere with label SSoC25...
Fetching page of PRs...
Using token ending with ...7HYO
Rate limit: 4994/5000 (resets at 8:01:29 PM)
Retrieved 46 PRs in this page
Total PRs fetched for k0msenapati/study-sphere: 46
Qualifying PR: #21 by jyotsna030 in k0msenapati/study-sphere - Beginner (20 points)
Qualifying PR: #31 by Ishikacasley14 in k0msenapati/study-sphere - Beginner (20 points)
Qualifying PR: #42 by Samiksha-bajoria in k0msenapati/study-sphere - Beginner (20 points)
Qualifying PR: #44 by chauhangarv in k0msenapati/study-sphere - Beginner (20 points)
Qualifying PR: #46 by Gargibajpai in k0msenapati/study-sphere - Beginner (20 points)
Qualifying PR: #54 by Priyakatariya in k0msenapati/study-sphere - Beginner (20 points)
Qualifying PR: #55 by Radhika-dodain in k0msenapati/study-sphere - Intermediate (30 points)
Qualifying PR: #73 by Ishikacasley14 in k0msenapati/study-sphere - Beginner (20 points)
Qualifying PR: #87 by VJLIVE in k0msenapati/study-sphere - Beginner (20 points)
Qualifying PR: #91 by Verma-MK in k0msenapati/study-sphere - Beginner (20 points)
Qualifying PR: #93 by VJLIVE in k0msenapati/study-sphere - Beginner (20 points)
Qualifying PR: #94 by denshaw-09 in k0msenapati/study-sphere - Intermediate (30 points)
Qualifying PR: #95 by Saksham-Jaiswal-2004 in k0msenapati/study-sphere - Beginner (20 points)
Qualifying PR: #98 by Saksham-Jaiswal-2004 in k0msenapati/study-sphere - Beginner (20 points)
Qualifying PR: #100 by imDarshanGK in k0msenapati/study-sphere - Beginner (20 points)
Qualifying PR: #105 by amaansyed27 in k0msenapati/study-sphere - Advanced (40 points)
Qualifying PR: #108 by VJLIVE in k0msenapati/study-sphere - Advanced (40 points)
Qualifying PR: #110 by amaansyed27 in k0msenapati/study-sphere - Advanced (40 points)
Qualifying PR: #123 by amaansyed27 in k0msenapati/study-sphere - Intermediate (30 points)
Qualifying PR: #127 by amaansyed27 in k0msenapati/study-sphere - Intermediate (30 points)
Qualifying PR: #131 by amaansyed27 in k0msenapati/study-sphere - Intermediate (30 points)
Qualifying PR: #134 by amaansyed27 in k0msenapati/study-sphere - Beginner (20 points)
Qualifying PR: #135 by amaansyed27 in k0msenapati/study-sphere - Advanced (40 points)
Qualifying PR: #137 by amaansyed27 in k0msenapati/study-sphere - Intermediate (30 points)
Qualifying PR: #139 by amaansyed27 in k0msenapati/study-sphere - Beginner (20 points)
Qualifying PR: #141 by amaansyed27 in k0msenapati/study-sphere - Advanced (40 points)
Qualifying PR: #144 by amaansyed27 in k0msenapati/study-sphere - Beginner (20 points)
Qualifying PR: #145 by amaansyed27 in k0msenapati/study-sphere - Intermediate (30 points)
Qualifying PR: #146 by amaansyed27 in k0msenapati/study-sphere - Intermediate (30 points)
Qualifying PR: #148 by amaansyed27 in k0msenapati/study-sphere - Beginner (20 points)
Qualifying PR: #152 by RAJVEER42 in k0msenapati/study-sphere - Beginner (20 points)
Qualifying PR: #153 by VJLIVE in k0msenapati/study-sphere - Beginner (20 points)
Qualifying PR: #154 by denshaw-09 in k0msenapati/study-sphere - Intermediate (30 points)
Qualifying PR: #156 by Ronnit44 in k0msenapati/study-sphere - Beginner (20 points)
Qualifying PR: #160 by Suhaniisingh05 in k0msenapati/study-sphere - Beginner (20 points)
Qualifying PR: #161 by Ronnit44 in k0msenapati/study-sphere - Beginner (20 points)
Qualifying PR: #163 by denshaw-09 in k0msenapati/study-sphere - Intermediate (30 points)
Qualifying PR: #167 by amaansyed27 in k0msenapati/study-sphere - Intermediate (30 points)
Qualifying PR: #169 by VJLIVE in k0msenapati/study-sphere - Advanced (40 points)
Qualifying PR: #171 by VJLIVE in k0msenapati/study-sphere - Beginner (20 points)
Qualifying PR: #173 by VJLIVE in k0msenapati/study-sphere - Beginner (20 points)
Qualifying PR: #175 by VJLIVE in k0msenapati/study-sphere - Beginner (20 points)

Fetching PRs for ShikhaMaurya212402/Plant-Disease-Classification-Model with label SSoC25...
Fetching page of PRs...
Using token ending with ...ix2X
Rate limit: 4993/5000 (resets at 8:01:28 PM)
Retrieved 14 PRs in this page
Total PRs fetched for ShikhaMaurya212402/Plant-Disease-Classification-Model: 14
Qualifying PR: #16 by SK8-infi in ShikhaMaurya212402/Plant-Disease-Classification-Model - Beginner (20 points)
Qualifying PR: #23 by Mohamad-Owais in ShikhaMaurya212402/Plant-Disease-Classification-Model - Beginner (20 points)
Qualifying PR: #26 by sneha842 in ShikhaMaurya212402/Plant-Disease-Classification-Model - Beginner (20 points)
Qualifying PR: #35 by NehaSaini011 in ShikhaMaurya212402/Plant-Disease-Classification-Model - Beginner (20 points)
Qualifying PR: #38 by Coden-inja in ShikhaMaurya212402/Plant-Disease-Classification-Model - Advanced (40 points)
Qualifying PR: #43 by HimanshuKabra01 in ShikhaMaurya212402/Plant-Disease-Classification-Model - Beginner (20 points)
Qualifying PR: #44 by denshaw-09 in ShikhaMaurya212402/Plant-Disease-Classification-Model - Beginner (20 points)
Qualifying PR: #46 by Verma-MK in ShikhaMaurya212402/Plant-Disease-Classification-Model - Beginner (20 points)
Qualifying PR: #48 by Verma-MK in ShikhaMaurya212402/Plant-Disease-Classification-Model - Beginner (20 points)
Qualifying PR: #52 by SRILSHUKLA in ShikhaMaurya212402/Plant-Disease-Classification-Model - Advanced (40 points)
Qualifying PR: #53 by Verma-MK in ShikhaMaurya212402/Plant-Disease-Classification-Model - Beginner (20 points)

Skipping deskree-inc/nanoservice-ts (removed from the list due to inactivity).

Skipping sayan0328/WallGodds-App (removed from the list due to inactivity).

Skipping Parnab03/WallGodds (removed from the list due to inactivity).

Skipping avanimathur/Build-your-own-Git-opensource (removed from the list due to inactivity).

Skipping ayushghonge19/megabackendproj (removed from the list due to inactivity).

Skipping dhruvXcode247/Multi_class_animal_classification (removed from the list due to inactivity).

Skipping khushalp2004/Graphixo (removed from the list due to inactivity).

Skipping souvik-maity/StyleCart (removed from the list due to inactivity).

Fetching PRs for Nidhi-Satyapriya/AutoEDA-Automated-Data-Preprocessing-Toolkit with label SSoC25...
Fetching page of PRs...
Using token ending with ...7HYO
Rate limit: 4993/5000 (resets at 8:01:29 PM)
Retrieved 45 PRs in this page
Total PRs fetched for Nidhi-Satyapriya/AutoEDA-Automated-Data-Preprocessing-Toolkit: 45
Qualifying PR: #8 by vagabond-0 in Nidhi-Satyapriya/AutoEDA-Automated-Data-Preprocessing-Toolkit - Intermediate (30 points)
Qualifying PR: #18 by vagabond-0 in Nidhi-Satyapriya/AutoEDA-Automated-Data-Preprocessing-Toolkit - Advanced (40 points)
Qualifying PR: #25 by aryanguptacsvtu in Nidhi-Satyapriya/AutoEDA-Automated-Data-Preprocessing-Toolkit - Beginner (20 points)
Qualifying PR: #30 by Sparsh2105 in Nidhi-Satyapriya/AutoEDA-Automated-Data-Preprocessing-Toolkit - Intermediate (30 points)
Qualifying PR: #31 by Aksh-Agrawal in Nidhi-Satyapriya/AutoEDA-Automated-Data-Preprocessing-Toolkit - Intermediate (30 points)
Qualifying PR: #32 by DeadpoolX7 in Nidhi-Satyapriya/AutoEDA-Automated-Data-Preprocessing-Toolkit - Beginner (20 points)
Qualifying PR: #33 by nupurmadaan04 in Nidhi-Satyapriya/AutoEDA-Automated-Data-Preprocessing-Toolkit - Beginner (20 points)
Qualifying PR: #34 by nupurmadaan04 in Nidhi-Satyapriya/AutoEDA-Automated-Data-Preprocessing-Toolkit - Intermediate (30 points)
Qualifying PR: #44 by SK8-infi in Nidhi-Satyapriya/AutoEDA-Automated-Data-Preprocessing-Toolkit - Beginner (20 points)
Qualifying PR: #47 by MANASA-NUKALA in Nidhi-Satyapriya/AutoEDA-Automated-Data-Preprocessing-Toolkit - Intermediate (30 points)
Qualifying PR: #56 by jayanththalla in Nidhi-Satyapriya/AutoEDA-Automated-Data-Preprocessing-Toolkit - Beginner (20 points)
Qualifying PR: #58 by imBharathkumarp in Nidhi-Satyapriya/AutoEDA-Automated-Data-Preprocessing-Toolkit - Beginner (20 points)
Qualifying PR: #59 by dheeraxspidey in Nidhi-Satyapriya/AutoEDA-Automated-Data-Preprocessing-Toolkit - Advanced (40 points)
Qualifying PR: #60 by Neha-Singh-j in Nidhi-Satyapriya/AutoEDA-Automated-Data-Preprocessing-Toolkit - Beginner (20 points)
Qualifying PR: #61 by Aksh-Agrawal in Nidhi-Satyapriya/AutoEDA-Automated-Data-Preprocessing-Toolkit - Intermediate (30 points)
Qualifying PR: #63 by MANASA-NUKALA in Nidhi-Satyapriya/AutoEDA-Automated-Data-Preprocessing-Toolkit - Intermediate (30 points)
Qualifying PR: #67 by vivekd16 in Nidhi-Satyapriya/AutoEDA-Automated-Data-Preprocessing-Toolkit - Beginner (20 points)
Qualifying PR: #68 by RAJVEER42 in Nidhi-Satyapriya/AutoEDA-Automated-Data-Preprocessing-Toolkit - Beginner (20 points)
Qualifying PR: #72 by Ujjwal-Singh-20 in Nidhi-Satyapriya/AutoEDA-Automated-Data-Preprocessing-Toolkit - Intermediate (30 points)
Qualifying PR: #73 by sneha842 in Nidhi-Satyapriya/AutoEDA-Automated-Data-Preprocessing-Toolkit - Advanced (40 points)
Qualifying PR: #74 by Asterioxer in Nidhi-Satyapriya/AutoEDA-Automated-Data-Preprocessing-Toolkit - Beginner (20 points)
Qualifying PR: #82 by Ujjwal-Singh-20 in Nidhi-Satyapriya/AutoEDA-Automated-Data-Preprocessing-Toolkit - Intermediate (30 points)
Qualifying PR: #84 by Apurba-01 in Nidhi-Satyapriya/AutoEDA-Automated-Data-Preprocessing-Toolkit - Intermediate (30 points)
Qualifying PR: #86 by DeadpoolX7 in Nidhi-Satyapriya/AutoEDA-Automated-Data-Preprocessing-Toolkit - Intermediate (30 points)
Qualifying PR: #87 by Verma-MK in Nidhi-Satyapriya/AutoEDA-Automated-Data-Preprocessing-Toolkit - Beginner (20 points)
Qualifying PR: #89 by Verma-MK in Nidhi-Satyapriya/AutoEDA-Automated-Data-Preprocessing-Toolkit - Beginner (20 points)
Qualifying PR: #90 by VEDAPRIYAMUTYAM in Nidhi-Satyapriya/AutoEDA-Automated-Data-Preprocessing-Toolkit - Beginner (20 points)
Qualifying PR: #92 by Tirumalashreya in Nidhi-Satyapriya/AutoEDA-Automated-Data-Preprocessing-Toolkit - Beginner (20 points)
Qualifying PR: #93 by Asterioxer in Nidhi-Satyapriya/AutoEDA-Automated-Data-Preprocessing-Toolkit - Advanced (40 points)
Qualifying PR: #94 by MaulikGupta27 in Nidhi-Satyapriya/AutoEDA-Automated-Data-Preprocessing-Toolkit - Beginner (20 points)
Qualifying PR: #99 by Tirumalashreya in Nidhi-Satyapriya/AutoEDA-Automated-Data-Preprocessing-Toolkit - Intermediate (30 points)
Qualifying PR: #100 by Tirumalashreya in Nidhi-Satyapriya/AutoEDA-Automated-Data-Preprocessing-Toolkit - Beginner (20 points)
Qualifying PR: #101 by Asterioxer in Nidhi-Satyapriya/AutoEDA-Automated-Data-Preprocessing-Toolkit - Beginner (20 points)
Qualifying PR: #102 by Verma-MK in Nidhi-Satyapriya/AutoEDA-Automated-Data-Preprocessing-Toolkit - Beginner (20 points)
Qualifying PR: #103 by Surbhiiiiiii in Nidhi-Satyapriya/AutoEDA-Automated-Data-Preprocessing-Toolkit - Beginner (20 points)
Qualifying PR: #104 by Ujjwal-Singh-20 in Nidhi-Satyapriya/AutoEDA-Automated-Data-Preprocessing-Toolkit - Intermediate (30 points)
Qualifying PR: #106 by Asterioxer in Nidhi-Satyapriya/AutoEDA-Automated-Data-Preprocessing-Toolkit - Intermediate (30 points)
Qualifying PR: #108 by Sub-codes in Nidhi-Satyapriya/AutoEDA-Automated-Data-Preprocessing-Toolkit - Beginner (20 points)
Qualifying PR: #111 by Sparsh2105 in Nidhi-Satyapriya/AutoEDA-Automated-Data-Preprocessing-Toolkit - Advanced (40 points)
Qualifying PR: #112 by Tirumalashreya in Nidhi-Satyapriya/AutoEDA-Automated-Data-Preprocessing-Toolkit - Advanced (40 points)
Qualifying PR: #113 by DeadpoolX7 in Nidhi-Satyapriya/AutoEDA-Automated-Data-Preprocessing-Toolkit - Advanced (40 points)
Qualifying PR: #114 by Asterioxer in Nidhi-Satyapriya/AutoEDA-Automated-Data-Preprocessing-Toolkit - Advanced (40 points)

Skipping ayushsin9h/WanderStay-Your-Premium-Hotel-Finder (removed from the list due to inactivity).

Fetching PRs for Fenirok/Earthquake_app with label SSoC25...
Fetching page of PRs...
Using token ending with ...ix2X
Rate limit: 4992/5000 (resets at 8:01:28 PM)
Retrieved 3 PRs in this page
Total PRs fetched for Fenirok/Earthquake_app: 3
Qualifying PR: #35 by Sandhya251 in Fenirok/Earthquake_app - Advanced (40 points)

Fetching PRs for PRIYANSHU2026/DataSentience-AIML with label SSoC25...
Fetching page of PRs...
Using token ending with ...7HYO
Rate limit: 4992/5000 (resets at 8:01:29 PM)
Retrieved 100 PRs in this page
Fetching page of PRs with cursor...
Using token ending with ...ix2X
Rate limit: 4991/5000 (resets at 8:01:28 PM)
Retrieved 100 PRs in this page
Fetching page of PRs with cursor...
Using token ending with ...7HYO
Rate limit: 4991/5000 (resets at 8:01:29 PM)
Retrieved 37 PRs in this page
Total PRs fetched for PRIYANSHU2026/DataSentience-AIML: 237
Qualifying PR: #8 by jyotsna030 in PRIYANSHU2026/DataSentience-AIML - Beginner (20 points)
Qualifying PR: #13 by Dipanita45 in PRIYANSHU2026/DataSentience-AIML - Beginner (20 points)
Qualifying PR: #14 by Dipanita45 in PRIYANSHU2026/DataSentience-AIML - Beginner (20 points)
Qualifying PR: #16 by keshripritesh in PRIYANSHU2026/DataSentience-AIML - Intermediate (30 points)
Qualifying PR: #18 by Dhananjay4yu in PRIYANSHU2026/DataSentience-AIML - Beginner (20 points)
Qualifying PR: #19 by giriraj-roy-7723 in PRIYANSHU2026/DataSentience-AIML - Intermediate (30 points)
Qualifying PR: #23 by keshripritesh in PRIYANSHU2026/DataSentience-AIML - Intermediate (30 points)
Qualifying PR: #25 by giriraj-roy-7723 in PRIYANSHU2026/DataSentience-AIML - Intermediate (30 points)
Qualifying PR: #26 by Anamikaghosh18 in PRIYANSHU2026/DataSentience-AIML - Intermediate (30 points)
Qualifying PR: #32 by giriraj-roy-7723 in PRIYANSHU2026/DataSentience-AIML - Advanced (40 points)
Qualifying PR: #35 by roushnisareen in PRIYANSHU2026/DataSentience-AIML - Intermediate (30 points)
Qualifying PR: #37 by giriraj-roy-7723 in PRIYANSHU2026/DataSentience-AIML - Intermediate (30 points)
Qualifying PR: #38 by keshripritesh in PRIYANSHU2026/DataSentience-AIML - Intermediate (30 points)
Qualifying PR: #42 by jyotsna030 in PRIYANSHU2026/DataSentience-AIML - Beginner (20 points)
Qualifying PR: #43 by roushnisareen in PRIYANSHU2026/DataSentience-AIML - Beginner (20 points)
Qualifying PR: #44 by giriraj-roy-7723 in PRIYANSHU2026/DataSentience-AIML - Intermediate (30 points)
Qualifying PR: #45 by preritasaini1 in PRIYANSHU2026/DataSentience-AIML - Advanced (40 points)
Qualifying PR: #47 by KavyaMunusamy in PRIYANSHU2026/DataSentience-AIML - Advanced (40 points)
Qualifying PR: #50 by keshripritesh in PRIYANSHU2026/DataSentience-AIML - Intermediate (30 points)
Qualifying PR: #53 by keshripritesh in PRIYANSHU2026/DataSentience-AIML - Intermediate (30 points)
Qualifying PR: #54 by giriraj-roy-7723 in PRIYANSHU2026/DataSentience-AIML - Intermediate (30 points)
Qualifying PR: #56 by AshutoshSingh058 in PRIYANSHU2026/DataSentience-AIML - Beginner (20 points)
Qualifying PR: #58 by giriraj-roy-7723 in PRIYANSHU2026/DataSentience-AIML - Intermediate (30 points)
Qualifying PR: #61 by imBharathkumarp in PRIYANSHU2026/DataSentience-AIML - Intermediate (30 points)
Qualifying PR: #62 by AshutoshSingh058 in PRIYANSHU2026/DataSentience-AIML - Intermediate (30 points)
Qualifying PR: #63 by keshripritesh in PRIYANSHU2026/DataSentience-AIML - Intermediate (30 points)
Qualifying PR: #66 by giriraj-roy-7723 in PRIYANSHU2026/DataSentience-AIML - Intermediate (30 points)
Qualifying PR: #69 by AshutoshSingh058 in PRIYANSHU2026/DataSentience-AIML - Intermediate (30 points)
Qualifying PR: #72 by keshripritesh in PRIYANSHU2026/DataSentience-AIML - Intermediate (30 points)
Qualifying PR: #75 by giriraj-roy-7723 in PRIYANSHU2026/DataSentience-AIML - Intermediate (30 points)
Qualifying PR: #77 by giriraj-roy-7723 in PRIYANSHU2026/DataSentience-AIML - Intermediate (30 points)
Qualifying PR: #80 by AskitEndo in PRIYANSHU2026/DataSentience-AIML - Beginner (20 points)
Qualifying PR: #81 by keshripritesh in PRIYANSHU2026/DataSentience-AIML - Intermediate (30 points)
Qualifying PR: #82 by AshutoshSingh058 in PRIYANSHU2026/DataSentience-AIML - Intermediate (30 points)
Qualifying PR: #85 by keshripritesh in PRIYANSHU2026/DataSentience-AIML - Advanced (40 points)
Qualifying PR: #86 by AshutoshSingh058 in PRIYANSHU2026/DataSentience-AIML - Intermediate (30 points)
Qualifying PR: #87 by giriraj-roy-7723 in PRIYANSHU2026/DataSentience-AIML - Intermediate (30 points)
Qualifying PR: #89 by giriraj-roy-7723 in PRIYANSHU2026/DataSentience-AIML - Intermediate (30 points)
Qualifying PR: #90 by keshripritesh in PRIYANSHU2026/DataSentience-AIML - Intermediate (30 points)
Qualifying PR: #95 by keshripritesh in PRIYANSHU2026/DataSentience-AIML - Advanced (40 points)
Qualifying PR: #99 by giriraj-roy-7723 in PRIYANSHU2026/DataSentience-AIML - Intermediate (30 points)
Qualifying PR: #100 by giriraj-roy-7723 in PRIYANSHU2026/DataSentience-AIML - Intermediate (30 points)
Qualifying PR: #101 by giriraj-roy-7723 in PRIYANSHU2026/DataSentience-AIML - Intermediate (30 points)
Qualifying PR: #107 by AskitEndo in PRIYANSHU2026/DataSentience-AIML - Advanced (40 points)
Qualifying PR: #110 by AskitEndo in PRIYANSHU2026/DataSentience-AIML - Beginner (20 points)
Qualifying PR: #113 by Gargibajpai in PRIYANSHU2026/DataSentience-AIML - Intermediate (30 points)
Qualifying PR: #114 by giriraj-roy-7723 in PRIYANSHU2026/DataSentience-AIML - Intermediate (30 points)
Qualifying PR: #115 by giriraj-roy-7723 in PRIYANSHU2026/DataSentience-AIML - Intermediate (30 points)
Qualifying PR: #118 by giriraj-roy-7723 in PRIYANSHU2026/DataSentience-AIML - Intermediate (30 points)
Qualifying PR: #120 by keshripritesh in PRIYANSHU2026/DataSentience-AIML - Intermediate (30 points)
Qualifying PR: #123 by GxAditya in PRIYANSHU2026/DataSentience-AIML - Intermediate (30 points)
Qualifying PR: #125 by keshripritesh in PRIYANSHU2026/DataSentience-AIML - Intermediate (30 points)
Qualifying PR: #126 by giriraj-roy-7723 in PRIYANSHU2026/DataSentience-AIML - Intermediate (30 points)
Qualifying PR: #127 by roushnisareen in PRIYANSHU2026/DataSentience-AIML - Intermediate (30 points)
Qualifying PR: #131 by keshripritesh in PRIYANSHU2026/DataSentience-AIML - Intermediate (30 points)
Qualifying PR: #132 by giriraj-roy-7723 in PRIYANSHU2026/DataSentience-AIML - Intermediate (30 points)
Qualifying PR: #134 by giriraj-roy-7723 in PRIYANSHU2026/DataSentience-AIML - Intermediate (30 points)
Qualifying PR: #136 by keshripritesh in PRIYANSHU2026/DataSentience-AIML - Intermediate (30 points)
Qualifying PR: #138 by keshripritesh in PRIYANSHU2026/DataSentience-AIML - Intermediate (30 points)
Qualifying PR: #140 by giriraj-roy-7723 in PRIYANSHU2026/DataSentience-AIML - Intermediate (30 points)
Qualifying PR: #143 by giriraj-roy-7723 in PRIYANSHU2026/DataSentience-AIML - Intermediate (30 points)
Qualifying PR: #145 by keshripritesh in PRIYANSHU2026/DataSentience-AIML - Intermediate (30 points)
Qualifying PR: #146 by giriraj-roy-7723 in PRIYANSHU2026/DataSentience-AIML - Intermediate (30 points)
Qualifying PR: #149 by keshripritesh in PRIYANSHU2026/DataSentience-AIML - Intermediate (30 points)
Qualifying PR: #151 by keshripritesh in PRIYANSHU2026/DataSentience-AIML - Intermediate (30 points)
Qualifying PR: #154 by giriraj-roy-7723 in PRIYANSHU2026/DataSentience-AIML - Intermediate (30 points)
Qualifying PR: #156 by giriraj-roy-7723 in PRIYANSHU2026/DataSentience-AIML - Intermediate (30 points)
Qualifying PR: #159 by giriraj-roy-7723 in PRIYANSHU2026/DataSentience-AIML - Intermediate (30 points)
Qualifying PR: #160 by keshripritesh in PRIYANSHU2026/DataSentience-AIML - Intermediate (30 points)
Qualifying PR: #165 by GauravKarakoti in PRIYANSHU2026/DataSentience-AIML - Beginner (20 points)
Qualifying PR: #166 by keshripritesh in PRIYANSHU2026/DataSentience-AIML - Intermediate (30 points)
Qualifying PR: #168 by keshripritesh in PRIYANSHU2026/DataSentience-AIML - Intermediate (30 points)
Qualifying PR: #169 by keshripritesh in PRIYANSHU2026/DataSentience-AIML - Advanced (40 points)
Qualifying PR: #170 by keshripritesh in PRIYANSHU2026/DataSentience-AIML - Intermediate (30 points)
Qualifying PR: #171 by keshripritesh in PRIYANSHU2026/DataSentience-AIML - Intermediate (30 points)
Qualifying PR: #173 by giriraj-roy-7723 in PRIYANSHU2026/DataSentience-AIML - Intermediate (30 points)
Qualifying PR: #175 by giriraj-roy-7723 in PRIYANSHU2026/DataSentience-AIML - Intermediate (30 points)
Qualifying PR: #177 by giriraj-roy-7723 in PRIYANSHU2026/DataSentience-AIML - Intermediate (30 points)
Qualifying PR: #178 by GauravKarakoti in PRIYANSHU2026/DataSentience-AIML - Intermediate (30 points)
Qualifying PR: #180 by giriraj-roy-7723 in PRIYANSHU2026/DataSentience-AIML - Intermediate (30 points)
Qualifying PR: #182 by giriraj-roy-7723 in PRIYANSHU2026/DataSentience-AIML - Intermediate (30 points)
Qualifying PR: #184 by giriraj-roy-7723 in PRIYANSHU2026/DataSentience-AIML - Intermediate (30 points)
Qualifying PR: #189 by giriraj-roy-7723 in PRIYANSHU2026/DataSentience-AIML - Intermediate (30 points)
Qualifying PR: #191 by giriraj-roy-7723 in PRIYANSHU2026/DataSentience-AIML - Intermediate (30 points)
Qualifying PR: #193 by Alam9835 in PRIYANSHU2026/DataSentience-AIML - Beginner (20 points)
Qualifying PR: #195 by giriraj-roy-7723 in PRIYANSHU2026/DataSentience-AIML - Intermediate (30 points)
Qualifying PR: #197 by giriraj-roy-7723 in PRIYANSHU2026/DataSentience-AIML - Intermediate (30 points)
Qualifying PR: #199 by giriraj-roy-7723 in PRIYANSHU2026/DataSentience-AIML - Intermediate (30 points)
Qualifying PR: #201 by giriraj-roy-7723 in PRIYANSHU2026/DataSentience-AIML - Intermediate (30 points)
Qualifying PR: #226 by reeteesha-roy in PRIYANSHU2026/DataSentience-AIML - Intermediate (30 points)
Qualifying PR: #242 by keshripritesh in PRIYANSHU2026/DataSentience-AIML - Advanced (40 points)
Qualifying PR: #253 by keshripritesh in PRIYANSHU2026/DataSentience-AIML - Advanced (40 points)
Qualifying PR: #254 by keshripritesh in PRIYANSHU2026/DataSentience-AIML - Intermediate (30 points)
Qualifying PR: #255 by keshripritesh in PRIYANSHU2026/DataSentience-AIML - Advanced (40 points)
Qualifying PR: #260 by keshripritesh in PRIYANSHU2026/DataSentience-AIML - Intermediate (30 points)
Qualifying PR: #261 by keshripritesh in PRIYANSHU2026/DataSentience-AIML - Intermediate (30 points)
Qualifying PR: #263 by keshripritesh in PRIYANSHU2026/DataSentience-AIML - Intermediate (30 points)
Qualifying PR: #267 by keshripritesh in PRIYANSHU2026/DataSentience-AIML - Advanced (40 points)
Qualifying PR: #268 by keshripritesh in PRIYANSHU2026/DataSentience-AIML - Intermediate (30 points)
Qualifying PR: #269 by keshripritesh in PRIYANSHU2026/DataSentience-AIML - Intermediate (30 points)
Qualifying PR: #272 by keshripritesh in PRIYANSHU2026/DataSentience-AIML - Advanced (40 points)
Qualifying PR: #273 by keshripritesh in PRIYANSHU2026/DataSentience-AIML - Intermediate (30 points)
Qualifying PR: #274 by keshripritesh in PRIYANSHU2026/DataSentience-AIML - Advanced (40 points)
Qualifying PR: #279 by giriraj-roy-7723 in PRIYANSHU2026/DataSentience-AIML - Advanced (40 points)
Qualifying PR: #281 by giriraj-roy-7723 in PRIYANSHU2026/DataSentience-AIML - Advanced (40 points)
Qualifying PR: #284 by giriraj-roy-7723 in PRIYANSHU2026/DataSentience-AIML - Advanced (40 points)
Qualifying PR: #285 by keshripritesh in PRIYANSHU2026/DataSentience-AIML - Advanced (40 points)
Qualifying PR: #286 by keshripritesh in PRIYANSHU2026/DataSentience-AIML - Advanced (40 points)
Qualifying PR: #287 by keshripritesh in PRIYANSHU2026/DataSentience-AIML - Advanced (40 points)
Qualifying PR: #292 by archangel2006 in PRIYANSHU2026/DataSentience-AIML - Intermediate (30 points)
Qualifying PR: #296 by keshripritesh in PRIYANSHU2026/DataSentience-AIML - Intermediate (30 points)
Qualifying PR: #297 by keshripritesh in PRIYANSHU2026/DataSentience-AIML - Advanced (40 points)
Qualifying PR: #301 by giriraj-roy-7723 in PRIYANSHU2026/DataSentience-AIML - Advanced (40 points)
Qualifying PR: #304 by giriraj-roy-7723 in PRIYANSHU2026/DataSentience-AIML - Intermediate (30 points)
Qualifying PR: #312 by SK8-infi in PRIYANSHU2026/DataSentience-AIML - Intermediate (30 points)
Qualifying PR: #313 by SK8-infi in PRIYANSHU2026/DataSentience-AIML - Intermediate (30 points)
Qualifying PR: #314 by SK8-infi in PRIYANSHU2026/DataSentience-AIML - Intermediate (30 points)
Qualifying PR: #315 by SK8-infi in PRIYANSHU2026/DataSentience-AIML - Intermediate (30 points)
Qualifying PR: #316 by SK8-infi in PRIYANSHU2026/DataSentience-AIML - Intermediate (30 points)
Qualifying PR: #322 by giriraj-roy-7723 in PRIYANSHU2026/DataSentience-AIML - Intermediate (30 points)
Qualifying PR: #324 by giriraj-roy-7723 in PRIYANSHU2026/DataSentience-AIML - Advanced (40 points)
Qualifying PR: #326 by giriraj-roy-7723 in PRIYANSHU2026/DataSentience-AIML - Advanced (40 points)
Qualifying PR: #333 by giriraj-roy-7723 in PRIYANSHU2026/DataSentience-AIML - Advanced (40 points)
Qualifying PR: #340 by keshripritesh in PRIYANSHU2026/DataSentience-AIML - Advanced (40 points)
Qualifying PR: #346 by keshripritesh in PRIYANSHU2026/DataSentience-AIML - Advanced (40 points)
Qualifying PR: #347 by keshripritesh in PRIYANSHU2026/DataSentience-AIML - Intermediate (30 points)
Qualifying PR: #348 by keshripritesh in PRIYANSHU2026/DataSentience-AIML - Advanced (40 points)
Qualifying PR: #349 by giriraj-roy-7723 in PRIYANSHU2026/DataSentience-AIML - Advanced (40 points)
Qualifying PR: #361 by giriraj-roy-7723 in PRIYANSHU2026/DataSentience-AIML - Advanced (40 points)
Qualifying PR: #374 by SK8-infi in PRIYANSHU2026/DataSentience-AIML - Intermediate (30 points)
Qualifying PR: #375 by SK8-infi in PRIYANSHU2026/DataSentience-AIML - Intermediate (30 points)
Qualifying PR: #377 by SK8-infi in PRIYANSHU2026/DataSentience-AIML - Advanced (40 points)
Qualifying PR: #378 by SK8-infi in PRIYANSHU2026/DataSentience-AIML - Intermediate (30 points)
Qualifying PR: #380 by giriraj-roy-7723 in PRIYANSHU2026/DataSentience-AIML - Advanced (40 points)
Qualifying PR: #381 by keshripritesh in PRIYANSHU2026/DataSentience-AIML - Advanced (40 points)
Qualifying PR: #382 by keshripritesh in PRIYANSHU2026/DataSentience-AIML - Advanced (40 points)
Qualifying PR: #383 by keshripritesh in PRIYANSHU2026/DataSentience-AIML - Advanced (40 points)
Qualifying PR: #384 by keshripritesh in PRIYANSHU2026/DataSentience-AIML - Intermediate (30 points)
Qualifying PR: #386 by giriraj-roy-7723 in PRIYANSHU2026/DataSentience-AIML - Advanced (40 points)
Qualifying PR: #388 by giriraj-roy-7723 in PRIYANSHU2026/DataSentience-AIML - Advanced (40 points)
Qualifying PR: #390 by giriraj-roy-7723 in PRIYANSHU2026/DataSentience-AIML - Advanced (40 points)
Qualifying PR: #391 by keshripritesh in PRIYANSHU2026/DataSentience-AIML - Advanced (40 points)
Qualifying PR: #392 by keshripritesh in PRIYANSHU2026/DataSentience-AIML - Advanced (40 points)
Qualifying PR: #393 by keshripritesh in PRIYANSHU2026/DataSentience-AIML - Advanced (40 points)
Qualifying PR: #394 by keshripritesh in PRIYANSHU2026/DataSentience-AIML - Advanced (40 points)
Qualifying PR: #395 by keshripritesh in PRIYANSHU2026/DataSentience-AIML - Advanced (40 points)
Qualifying PR: #398 by giriraj-roy-7723 in PRIYANSHU2026/DataSentience-AIML - Advanced (40 points)
Qualifying PR: #399 by keshripritesh in PRIYANSHU2026/DataSentience-AIML - Advanced (40 points)
Qualifying PR: #400 by keshripritesh in PRIYANSHU2026/DataSentience-AIML - Advanced (40 points)
Qualifying PR: #401 by keshripritesh in PRIYANSHU2026/DataSentience-AIML - Advanced (40 points)
Qualifying PR: #402 by keshripritesh in PRIYANSHU2026/DataSentience-AIML - Advanced (40 points)
Qualifying PR: #403 by SK8-infi in PRIYANSHU2026/DataSentience-AIML - Intermediate (30 points)
Qualifying PR: #406 by giriraj-roy-7723 in PRIYANSHU2026/DataSentience-AIML - Advanced (40 points)
Qualifying PR: #409 by giriraj-roy-7723 in PRIYANSHU2026/DataSentience-AIML - Advanced (40 points)
Qualifying PR: #411 by giriraj-roy-7723 in PRIYANSHU2026/DataSentience-AIML - Advanced (40 points)
Qualifying PR: #416 by giriraj-roy-7723 in PRIYANSHU2026/DataSentience-AIML - Advanced (40 points)
Qualifying PR: #418 by giriraj-roy-7723 in PRIYANSHU2026/DataSentience-AIML - Advanced (40 points)
Qualifying PR: #425 by giriraj-roy-7723 in PRIYANSHU2026/DataSentience-AIML - Advanced (40 points)
Qualifying PR: #427 by giriraj-roy-7723 in PRIYANSHU2026/DataSentience-AIML - Advanced (40 points)
Qualifying PR: #428 by keshripritesh in PRIYANSHU2026/DataSentience-AIML - Advanced (40 points)
Qualifying PR: #429 by keshripritesh in PRIYANSHU2026/DataSentience-AIML - Advanced (40 points)
Qualifying PR: #430 by keshripritesh in PRIYANSHU2026/DataSentience-AIML - Beginner (20 points)
Qualifying PR: #431 by keshripritesh in PRIYANSHU2026/DataSentience-AIML - Advanced (40 points)
Qualifying PR: #432 by keshripritesh in PRIYANSHU2026/DataSentience-AIML - Advanced (40 points)
Qualifying PR: #434 by giriraj-roy-7723 in PRIYANSHU2026/DataSentience-AIML - Advanced (40 points)
Qualifying PR: #440 by SK8-infi in PRIYANSHU2026/DataSentience-AIML - Advanced (40 points)
Qualifying PR: #441 by SK8-infi in PRIYANSHU2026/DataSentience-AIML - Advanced (40 points)
Qualifying PR: #442 by SK8-infi in PRIYANSHU2026/DataSentience-AIML - Intermediate (30 points)
Qualifying PR: #443 by SK8-infi in PRIYANSHU2026/DataSentience-AIML - Advanced (40 points)
Qualifying PR: #445 by archangel2006 in PRIYANSHU2026/DataSentience-AIML - Intermediate (30 points)
Qualifying PR: #448 by keshripritesh in PRIYANSHU2026/DataSentience-AIML - Advanced (40 points)
Qualifying PR: #449 by keshripritesh in PRIYANSHU2026/DataSentience-AIML - Advanced (40 points)
Qualifying PR: #450 by keshripritesh in PRIYANSHU2026/DataSentience-AIML - Advanced (40 points)
Qualifying PR: #451 by keshripritesh in PRIYANSHU2026/DataSentience-AIML - Advanced (40 points)
Qualifying PR: #452 by keshripritesh in PRIYANSHU2026/DataSentience-AIML - Advanced (40 points)
Qualifying PR: #457 by SK8-infi in PRIYANSHU2026/DataSentience-AIML - Advanced (40 points)
Qualifying PR: #458 by keshripritesh in PRIYANSHU2026/DataSentience-AIML - Advanced (40 points)
Qualifying PR: #459 by SK8-infi in PRIYANSHU2026/DataSentience-AIML - Advanced (40 points)
Qualifying PR: #460 by SK8-infi in PRIYANSHU2026/DataSentience-AIML - Intermediate (30 points)
Qualifying PR: #461 by keshripritesh in PRIYANSHU2026/DataSentience-AIML - Advanced (40 points)
Qualifying PR: #462 by keshripritesh in PRIYANSHU2026/DataSentience-AIML - Advanced (40 points)
Qualifying PR: #463 by SK8-infi in PRIYANSHU2026/DataSentience-AIML - Advanced (40 points)
Qualifying PR: #464 by archangel2006 in PRIYANSHU2026/DataSentience-AIML - Advanced (40 points)
Qualifying PR: #465 by archangel2006 in PRIYANSHU2026/DataSentience-AIML - Intermediate (30 points)
Qualifying PR: #474 by keshripritesh in PRIYANSHU2026/DataSentience-AIML - Advanced (40 points)
Qualifying PR: #476 by keshripritesh in PRIYANSHU2026/DataSentience-AIML - Advanced (40 points)
Qualifying PR: #477 by giriraj-roy-7723 in PRIYANSHU2026/DataSentience-AIML - Advanced (40 points)
Qualifying PR: #478 by keshripritesh in PRIYANSHU2026/DataSentience-AIML - Advanced (40 points)
Qualifying PR: #482 by keshripritesh in PRIYANSHU2026/DataSentience-AIML - Advanced (40 points)
Qualifying PR: #483 by keshripritesh in PRIYANSHU2026/DataSentience-AIML - Advanced (40 points)
Qualifying PR: #484 by keshripritesh in PRIYANSHU2026/DataSentience-AIML - Advanced (40 points)
Qualifying PR: #485 by keshripritesh in PRIYANSHU2026/DataSentience-AIML - Advanced (40 points)
Qualifying PR: #486 by keshripritesh in PRIYANSHU2026/DataSentience-AIML - Advanced (40 points)
Qualifying PR: #487 by keshripritesh in PRIYANSHU2026/DataSentience-AIML - Advanced (40 points)
Qualifying PR: #489 by keshripritesh in PRIYANSHU2026/DataSentience-AIML - Advanced (40 points)
Qualifying PR: #493 by keshripritesh in PRIYANSHU2026/DataSentience-AIML - Advanced (40 points)
Qualifying PR: #494 by keshripritesh in PRIYANSHU2026/DataSentience-AIML - Advanced (40 points)
Qualifying PR: #495 by keshripritesh in PRIYANSHU2026/DataSentience-AIML - Intermediate (30 points)
Qualifying PR: #500 by giriraj-roy-7723 in PRIYANSHU2026/DataSentience-AIML - Advanced (40 points)
Qualifying PR: #502 by keshripritesh in PRIYANSHU2026/DataSentience-AIML - Advanced (40 points)
Qualifying PR: #503 by keshripritesh in PRIYANSHU2026/DataSentience-AIML - Advanced (40 points)
Qualifying PR: #504 by keshripritesh in PRIYANSHU2026/DataSentience-AIML - Advanced (40 points)
Qualifying PR: #506 by keshripritesh in PRIYANSHU2026/DataSentience-AIML - Beginner (20 points)
Qualifying PR: #511 by giriraj-roy-7723 in PRIYANSHU2026/DataSentience-AIML - Advanced (40 points)
Qualifying PR: #513 by giriraj-roy-7723 in PRIYANSHU2026/DataSentience-AIML - Advanced (40 points)
Qualifying PR: #517 by giriraj-roy-7723 in PRIYANSHU2026/DataSentience-AIML - Advanced (40 points)
Qualifying PR: #519 by keshripritesh in PRIYANSHU2026/DataSentience-AIML - Advanced (40 points)
Qualifying PR: #520 by keshripritesh in PRIYANSHU2026/DataSentience-AIML - Advanced (40 points)
Qualifying PR: #522 by keshripritesh in PRIYANSHU2026/DataSentience-AIML - Advanced (40 points)
Qualifying PR: #527 by giriraj-roy-7723 in PRIYANSHU2026/DataSentience-AIML - Advanced (40 points)
Qualifying PR: #531 by keshripritesh in PRIYANSHU2026/DataSentience-AIML - Advanced (40 points)
Qualifying PR: #532 by keshripritesh in PRIYANSHU2026/DataSentience-AIML - Advanced (40 points)
Qualifying PR: #533 by keshripritesh in PRIYANSHU2026/DataSentience-AIML - Advanced (40 points)
Qualifying PR: #534 by keshripritesh in PRIYANSHU2026/DataSentience-AIML - Advanced (40 points)
Qualifying PR: #536 by giriraj-roy-7723 in PRIYANSHU2026/DataSentience-AIML - Advanced (40 points)
Qualifying PR: #545 by keshripritesh in PRIYANSHU2026/DataSentience-AIML - Advanced (40 points)
Qualifying PR: #546 by keshripritesh in PRIYANSHU2026/DataSentience-AIML - Advanced (40 points)
Qualifying PR: #547 by keshripritesh in PRIYANSHU2026/DataSentience-AIML - Advanced (40 points)
Qualifying PR: #548 by keshripritesh in PRIYANSHU2026/DataSentience-AIML - Advanced (40 points)
Qualifying PR: #555 by keshripritesh in PRIYANSHU2026/DataSentience-AIML - Advanced (40 points)
Qualifying PR: #556 by keshripritesh in PRIYANSHU2026/DataSentience-AIML - Advanced (40 points)
Qualifying PR: #558 by keshripritesh in PRIYANSHU2026/DataSentience-AIML - Advanced (40 points)
Qualifying PR: #559 by keshripritesh in PRIYANSHU2026/DataSentience-AIML - Advanced (40 points)
Qualifying PR: #563 by archangel2006 in PRIYANSHU2026/DataSentience-AIML - Advanced (40 points)
Qualifying PR: #566 by SK8-infi in PRIYANSHU2026/DataSentience-AIML - Advanced (40 points)
Qualifying PR: #567 by SK8-infi in PRIYANSHU2026/DataSentience-AIML - Advanced (40 points)
Qualifying PR: #568 by SK8-infi in PRIYANSHU2026/DataSentience-AIML - Intermediate (30 points)
Qualifying PR: #569 by SK8-infi in PRIYANSHU2026/DataSentience-AIML - Advanced (40 points)
Qualifying PR: #570 by SK8-infi in PRIYANSHU2026/DataSentience-AIML - Intermediate (30 points)
Qualifying PR: #571 by SK8-infi in PRIYANSHU2026/DataSentience-AIML - Intermediate (30 points)
Qualifying PR: #572 by SK8-infi in PRIYANSHU2026/DataSentience-AIML - Intermediate (30 points)
Qualifying PR: #573 by SK8-infi in PRIYANSHU2026/DataSentience-AIML - Intermediate (30 points)
Qualifying PR: #575 by SK8-infi in PRIYANSHU2026/DataSentience-AIML - Intermediate (30 points)
Qualifying PR: #588 by keshripritesh in PRIYANSHU2026/DataSentience-AIML - Beginner (20 points)
Qualifying PR: #589 by keshripritesh in PRIYANSHU2026/DataSentience-AIML - Intermediate (30 points)

Skipping VAIBHAVBABELE/emergency-optimizer (removed from the list due to inactivity).

Skipping AdityaRalhan/CopConnect (removed from the list due to inactivity).

Fetching PRs for Saumy1905/PYQFort with label SSoC25...
Fetching page of PRs...
Using token ending with ...ix2X
Rate limit: 4990/5000 (resets at 8:01:28 PM)
Retrieved 100 PRs in this page
Fetching page of PRs with cursor...
Using token ending with ...7HYO
Rate limit: 4990/5000 (resets at 8:01:29 PM)
Retrieved 100 PRs in this page
Fetching page of PRs with cursor...
Using token ending with ...ix2X
Rate limit: 4989/5000 (resets at 8:01:28 PM)
Retrieved 37 PRs in this page
Total PRs fetched for Saumy1905/PYQFort: 237
Qualifying PR: #83 by Pixel20coder in Saumy1905/PYQFort - Advanced (40 points)
Qualifying PR: #85 by Sayan-206 in Saumy1905/PYQFort - Beginner (20 points)
Qualifying PR: #88 by Pixel20coder in Saumy1905/PYQFort - Intermediate (30 points)
Qualifying PR: #89 by Jahnavi-de in Saumy1905/PYQFort - Intermediate (30 points)
Qualifying PR: #91 by SK8-infi in Saumy1905/PYQFort - Advanced (40 points)
Qualifying PR: #95 by Y4shu in Saumy1905/PYQFort - Advanced (40 points)
Qualifying PR: #100 by Pixel20coder in Saumy1905/PYQFort - Intermediate (30 points)
Qualifying PR: #103 by VEDAPRIYAMUTYAM in Saumy1905/PYQFort - Beginner (20 points)
Qualifying PR: #105 by Pixel20coder in Saumy1905/PYQFort - Beginner (20 points)
Qualifying PR: #107 by Pixel20coder in Saumy1905/PYQFort - Intermediate (30 points)
Qualifying PR: #108 by tanu91112 in Saumy1905/PYQFort - Intermediate (30 points)
Qualifying PR: #109 by Sayan-206 in Saumy1905/PYQFort - Advanced (40 points)
Qualifying PR: #113 by renuvarma67 in Saumy1905/PYQFort - Advanced (40 points)
Qualifying PR: #114 by isha0325 in Saumy1905/PYQFort - Advanced (40 points)
Qualifying PR: #115 by VEDAPRIYAMUTYAM in Saumy1905/PYQFort - Advanced (40 points)
Qualifying PR: #116 by YashSavalkar321 in Saumy1905/PYQFort - Advanced (40 points)
Qualifying PR: #118 by Vijayashree-tech in Saumy1905/PYQFort - Beginner (20 points)
Qualifying PR: #119 by Yamuna-b in Saumy1905/PYQFort - Advanced (40 points)
Qualifying PR: #121 by SK8-infi in Saumy1905/PYQFort - Intermediate (30 points)
Qualifying PR: #122 by aayishajalal in Saumy1905/PYQFort - Advanced (40 points)
Qualifying PR: #123 by Priyanshiunique in Saumy1905/PYQFort - Beginner (20 points)
Qualifying PR: #125 by VAISHNAVISTUDENT in Saumy1905/PYQFort - Advanced (40 points)
Qualifying PR: #128 by SK8-infi in Saumy1905/PYQFort - Advanced (40 points)
Qualifying PR: #131 by Saurabhjk15 in Saumy1905/PYQFort - Advanced (40 points)
Qualifying PR: #132 by aayishajalal in Saumy1905/PYQFort - Advanced (40 points)
Qualifying PR: #135 by Dipanita45 in Saumy1905/PYQFort - Intermediate (30 points)
Qualifying PR: #144 by bwbeas in Saumy1905/PYQFort - Advanced (40 points)
Qualifying PR: #146 by ParthNema13 in Saumy1905/PYQFort - Advanced (40 points)
Qualifying PR: #147 by Kirti8Singh in Saumy1905/PYQFort - Advanced (40 points)
Qualifying PR: #148 by Vijayashree-tech in Saumy1905/PYQFort - Beginner (20 points)
Qualifying PR: #149 by Vijayashree-tech in Saumy1905/PYQFort - Beginner (20 points)
Qualifying PR: #150 by Pixel20coder in Saumy1905/PYQFort - Advanced (40 points)
Qualifying PR: #152 by aayishajalal in Saumy1905/PYQFort - Advanced (40 points)
Qualifying PR: #154 by ParthNema13 in Saumy1905/PYQFort - Advanced (40 points)
Qualifying PR: #155 by YashSavalkar321 in Saumy1905/PYQFort - Advanced (40 points)
Qualifying PR: #156 by afreenaiml in Saumy1905/PYQFort - Beginner (20 points)
Qualifying PR: #157 by Gurashish73 in Saumy1905/PYQFort - Intermediate (30 points)
Qualifying PR: #158 by Vijayashree-tech in Saumy1905/PYQFort - Intermediate (30 points)
Qualifying PR: #159 by Dipanita45 in Saumy1905/PYQFort - Intermediate (30 points)
Qualifying PR: #160 by aayishajalal in Saumy1905/PYQFort - Advanced (40 points)
Qualifying PR: #161 by ParthNema13 in Saumy1905/PYQFort - Beginner (20 points)
Qualifying PR: #162 by Dipanita45 in Saumy1905/PYQFort - Beginner (20 points)
Qualifying PR: #169 by afreenaiml in Saumy1905/PYQFort - Advanced (40 points)
Qualifying PR: #170 by SK8-infi in Saumy1905/PYQFort - Advanced (40 points)
Qualifying PR: #172 by code-well0 in Saumy1905/PYQFort - Beginner (20 points)
Qualifying PR: #175 by isha0325 in Saumy1905/PYQFort - Advanced (40 points)
Qualifying PR: #176 by shrutisachan08 in Saumy1905/PYQFort - Intermediate (30 points)
Qualifying PR: #180 by Pixel20coder in Saumy1905/PYQFort - Beginner (20 points)
Qualifying PR: #181 by aayishajalal in Saumy1905/PYQFort - Advanced (40 points)
Qualifying PR: #182 by Sayan-206 in Saumy1905/PYQFort - Advanced (40 points)
Qualifying PR: #185 by Dipanita45 in Saumy1905/PYQFort - Beginner (20 points)
Qualifying PR: #186 by isha0325 in Saumy1905/PYQFort - Advanced (40 points)
Qualifying PR: #188 by HARSHMOHAN01 in Saumy1905/PYQFort - Advanced (40 points)
Qualifying PR: #190 by Y4shu in Saumy1905/PYQFort - Advanced (40 points)
Qualifying PR: #191 by divyam8175 in Saumy1905/PYQFort - Beginner (20 points)
Qualifying PR: #192 by noshmachowdary in Saumy1905/PYQFort - Beginner (20 points)
Qualifying PR: #197 by Pixel20coder in Saumy1905/PYQFort - Intermediate (30 points)
Qualifying PR: #200 by Vijayashree-tech in Saumy1905/PYQFort - Advanced (40 points)
Qualifying PR: #201 by afreenaiml in Saumy1905/PYQFort - Beginner (20 points)
Qualifying PR: #202 by arthavjain103 in Saumy1905/PYQFort - Advanced (40 points)
Qualifying PR: #204 by SK8-infi in Saumy1905/PYQFort - Advanced (40 points)
Qualifying PR: #205 by tanu91112 in Saumy1905/PYQFort - Advanced (40 points)
Qualifying PR: #206 by Y4shu in Saumy1905/PYQFort - Advanced (40 points)
Qualifying PR: #207 by Yamuna-b in Saumy1905/PYQFort - Advanced (40 points)
Qualifying PR: #208 by ankit2061 in Saumy1905/PYQFort - Advanced (40 points)
Qualifying PR: #212 by tanu91112 in Saumy1905/PYQFort - Beginner (20 points)
Qualifying PR: #213 by Jahnavi-de in Saumy1905/PYQFort - Beginner (20 points)
Qualifying PR: #214 by Vijayashree-tech in Saumy1905/PYQFort - Advanced (40 points)
Qualifying PR: #216 by JallaDharani in Saumy1905/PYQFort - Beginner (20 points)
Qualifying PR: #217 by aayishajalal in Saumy1905/PYQFort - Advanced (40 points)
Qualifying PR: #221 by VEDAPRIYAMUTYAM in Saumy1905/PYQFort - Intermediate (30 points)
Qualifying PR: #223 by tanu91112 in Saumy1905/PYQFort - Intermediate (30 points)
Qualifying PR: #225 by denshaw-09 in Saumy1905/PYQFort - Beginner (20 points)
Qualifying PR: #229 by Sejal-collection in Saumy1905/PYQFort - Beginner (20 points)
Qualifying PR: #231 by Jahnavi-de in Saumy1905/PYQFort - Intermediate (30 points)
Qualifying PR: #232 by Sayan-206 in Saumy1905/PYQFort - Advanced (40 points)
Qualifying PR: #233 by JallaDharani in Saumy1905/PYQFort - Intermediate (30 points)
Qualifying PR: #234 by afreenaiml in Saumy1905/PYQFort - Intermediate (30 points)
Qualifying PR: #238 by vineela49 in Saumy1905/PYQFort - Intermediate (30 points)
Qualifying PR: #239 by swethapadmavathimukku in Saumy1905/PYQFort - Beginner (20 points)
Qualifying PR: #240 by shrutisachan08 in Saumy1905/PYQFort - Advanced (40 points)
Qualifying PR: #242 by Vaishnavi-Manne in Saumy1905/PYQFort - Advanced (40 points)
Qualifying PR: #243 by NehaSaini011 in Saumy1905/PYQFort - Intermediate (30 points)
Qualifying PR: #245 by Dipanita45 in Saumy1905/PYQFort - Intermediate (30 points)
Qualifying PR: #247 by Sayan-206 in Saumy1905/PYQFort - Advanced (40 points)
Qualifying PR: #248 by aayishajalal in Saumy1905/PYQFort - Advanced (40 points)
Qualifying PR: #250 by SK8-infi in Saumy1905/PYQFort - Beginner (20 points)
Qualifying PR: #251 by noshmachowdary in Saumy1905/PYQFort - Intermediate (30 points)
Qualifying PR: #254 by tanu91112 in Saumy1905/PYQFort - Advanced (40 points)
Qualifying PR: #256 by tanu91112 in Saumy1905/PYQFort - Advanced (40 points)
Qualifying PR: #258 by Sayan-206 in Saumy1905/PYQFort - Advanced (40 points)
Qualifying PR: #260 by aayishajalal in Saumy1905/PYQFort - Advanced (40 points)
Qualifying PR: #262 by Pixel20coder in Saumy1905/PYQFort - Intermediate (30 points)
Qualifying PR: #263 by tanu91112 in Saumy1905/PYQFort - Advanced (40 points)
Qualifying PR: #266 by Pixel20coder in Saumy1905/PYQFort - Intermediate (30 points)
Qualifying PR: #268 by Dipanita45 in Saumy1905/PYQFort - Intermediate (30 points)
Qualifying PR: #270 by aayishajalal in Saumy1905/PYQFort - Advanced (40 points)
Qualifying PR: #273 by Sayan-206 in Saumy1905/PYQFort - Advanced (40 points)
Qualifying PR: #274 by tanu91112 in Saumy1905/PYQFort - Intermediate (30 points)
Qualifying PR: #275 by Yamuna-b in Saumy1905/PYQFort - Advanced (40 points)
Qualifying PR: #278 by tanu91112 in Saumy1905/PYQFort - Intermediate (30 points)
Qualifying PR: #280 by aayishajalal in Saumy1905/PYQFort - Advanced (40 points)
Qualifying PR: #281 by Dipanita45 in Saumy1905/PYQFort - Intermediate (30 points)
Qualifying PR: #285 by tanu91112 in Saumy1905/PYQFort - Advanced (40 points)
Qualifying PR: #290 by tanu91112 in Saumy1905/PYQFort - Advanced (40 points)
Qualifying PR: #292 by tanu91112 in Saumy1905/PYQFort - Intermediate (30 points)
Qualifying PR: #294 by Dipanita45 in Saumy1905/PYQFort - Advanced (40 points)
Qualifying PR: #295 by tanu91112 in Saumy1905/PYQFort - Beginner (20 points)
Qualifying PR: #297 by Dipanita45 in Saumy1905/PYQFort - Intermediate (30 points)
Qualifying PR: #300 by tanu91112 in Saumy1905/PYQFort - Intermediate (30 points)
Qualifying PR: #301 by Dipanita45 in Saumy1905/PYQFort - Intermediate (30 points)
Qualifying PR: #303 by tanu91112 in Saumy1905/PYQFort - Advanced (40 points)
Qualifying PR: #304 by VenkataSrujana11 in Saumy1905/PYQFort - Intermediate (30 points)
Qualifying PR: #306 by Vijayashree-tech in Saumy1905/PYQFort - Advanced (40 points)
Qualifying PR: #310 by aayishajalal in Saumy1905/PYQFort - Advanced (40 points)
Qualifying PR: #311 by Dipanita45 in Saumy1905/PYQFort - Intermediate (30 points)
Qualifying PR: #315 by VenkataSrujana11 in Saumy1905/PYQFort - Intermediate (30 points)
Qualifying PR: #317 by isha0325 in Saumy1905/PYQFort - Advanced (40 points)
Qualifying PR: #318 by Dipanita45 in Saumy1905/PYQFort - Intermediate (30 points)
Qualifying PR: #322 by Dipanita45 in Saumy1905/PYQFort - Intermediate (30 points)
Qualifying PR: #324 by Dipanita45 in Saumy1905/PYQFort - Intermediate (30 points)
Qualifying PR: #326 by Sayan-206 in Saumy1905/PYQFort - Advanced (40 points)
Qualifying PR: #327 by Tushar-senpai in Saumy1905/PYQFort - Intermediate (30 points)
Qualifying PR: #329 by VenkataSrujana11 in Saumy1905/PYQFort - Beginner (20 points)
Qualifying PR: #330 by Dipanita45 in Saumy1905/PYQFort - Advanced (40 points)
Qualifying PR: #334 by ssz2605 in Saumy1905/PYQFort - Advanced (40 points)
Qualifying PR: #338 by Dipanita45 in Saumy1905/PYQFort - Intermediate (30 points)
Qualifying PR: #342 by Vaishnavi-Manne in Saumy1905/PYQFort - Beginner (20 points)
Qualifying PR: #343 by Vijayashree-tech in Saumy1905/PYQFort - Beginner (20 points)
Qualifying PR: #357 by krabhis in Saumy1905/PYQFort - Intermediate (30 points)
Qualifying PR: #363 by dini-5002 in Saumy1905/PYQFort - Intermediate (30 points)
Qualifying PR: #364 by denshaw-09 in Saumy1905/PYQFort - Advanced (40 points)
Qualifying PR: #366 by VenkataSrujana11 in Saumy1905/PYQFort - Advanced (40 points)
Qualifying PR: #367 by Sudhanshu517 in Saumy1905/PYQFort - Intermediate (30 points)
Qualifying PR: #370 by VenkataSrujana11 in Saumy1905/PYQFort - Intermediate (30 points)
Qualifying PR: #378 by Vijayashree-tech in Saumy1905/PYQFort - Advanced (40 points)
Qualifying PR: #404 by Sayan-206 in Saumy1905/PYQFort - Advanced (40 points)
Qualifying PR: #414 by Y4shu in Saumy1905/PYQFort - Advanced (40 points)
Qualifying PR: #416 by Sainava in Saumy1905/PYQFort - Advanced (40 points)
Qualifying PR: #421 by isha0325 in Saumy1905/PYQFort - Advanced (40 points)
Qualifying PR: #427 by VenkataSrujana11 in Saumy1905/PYQFort - Intermediate (30 points)
Qualifying PR: #442 by Vijayashree-tech in Saumy1905/PYQFort - Intermediate (30 points)
Qualifying PR: #444 by Sainava in Saumy1905/PYQFort - Advanced (40 points)
Qualifying PR: #445 by HARSHMOHAN01 in Saumy1905/PYQFort - Advanced (40 points)
Qualifying PR: #449 by Y4shu in Saumy1905/PYQFort - Beginner (20 points)
Qualifying PR: #454 by anchalchaturvedi08 in Saumy1905/PYQFort - Advanced (40 points)
Qualifying PR: #458 by denshaw-09 in Saumy1905/PYQFort - Beginner (20 points)
Qualifying PR: #460 by aayishajalal in Saumy1905/PYQFort - Beginner (20 points)
Qualifying PR: #463 by Sainava in Saumy1905/PYQFort - Advanced (40 points)
Qualifying PR: #464 by Vijayashree-tech in Saumy1905/PYQFort - Beginner (20 points)
Qualifying PR: #467 by Yamuna-b in Saumy1905/PYQFort - Advanced (40 points)
Qualifying PR: #469 by aayishajalal in Saumy1905/PYQFort - Advanced (40 points)
Qualifying PR: #470 by Yamuna-b in Saumy1905/PYQFort - Advanced (40 points)
Qualifying PR: #473 by Yamuna-b in Saumy1905/PYQFort - Advanced (40 points)
Qualifying PR: #476 by Sayan-206 in Saumy1905/PYQFort - Advanced (40 points)
Qualifying PR: #479 by Yamuna-b in Saumy1905/PYQFort - Advanced (40 points)
Qualifying PR: #483 by Vaishnavi-Manne in Saumy1905/PYQFort - Advanced (40 points)
Qualifying PR: #485 by Sainava in Saumy1905/PYQFort - Advanced (40 points)
Qualifying PR: #486 by Sejal-collection in Saumy1905/PYQFort - Advanced (40 points)
Qualifying PR: #505 by Dipanita45 in Saumy1905/PYQFort - Beginner (20 points)
Qualifying PR: #509 by Priyanshiunique in Saumy1905/PYQFort - Intermediate (30 points)
Qualifying PR: #510 by AkshithaMuttangi in Saumy1905/PYQFort - Advanced (40 points)
Qualifying PR: #513 by HARSHMOHAN01 in Saumy1905/PYQFort - Beginner (20 points)
Qualifying PR: #531 by Megha-sing in Saumy1905/PYQFort - Advanced (40 points)
Qualifying PR: #543 by sanskarlohani in Saumy1905/PYQFort - Advanced (40 points)
Qualifying PR: #551 by HARSHMOHAN01 in Saumy1905/PYQFort - Advanced (40 points)
Qualifying PR: #555 by HARSHMOHAN01 in Saumy1905/PYQFort - Advanced (40 points)
Qualifying PR: #565 by HARSHMOHAN01 in Saumy1905/PYQFort - Advanced (40 points)
Qualifying PR: #574 by HARSHMOHAN01 in Saumy1905/PYQFort - Advanced (40 points)
Qualifying PR: #581 by HARSHMOHAN01 in Saumy1905/PYQFort - Beginner (20 points)
Qualifying PR: #583 by isha0325 in Saumy1905/PYQFort - Advanced (40 points)
Qualifying PR: #586 by HARSHMOHAN01 in Saumy1905/PYQFort - Beginner (20 points)
Qualifying PR: #609 by denshaw-09 in Saumy1905/PYQFort - Intermediate (30 points)
Qualifying PR: #610 by Verma-MK in Saumy1905/PYQFort - Beginner (20 points)
Qualifying PR: #623 by isha0325 in Saumy1905/PYQFort - Advanced (40 points)
Qualifying PR: #624 by Y4shu in Saumy1905/PYQFort - Advanced (40 points)
Qualifying PR: #636 by InMostCalmness-Rahul in Saumy1905/PYQFort - Beginner (20 points)
Qualifying PR: #642 by AbhishekSharma-9 in Saumy1905/PYQFort - Advanced (40 points)
Qualifying PR: #665 by Vijayashree-tech in Saumy1905/PYQFort - Beginner (20 points)
Qualifying PR: #668 by SnehaghoshBarsha444 in Saumy1905/PYQFort - Advanced (40 points)
Qualifying PR: #673 by Verma-MK in Saumy1905/PYQFort - Beginner (20 points)
Qualifying PR: #685 by VenkataSrujana11 in Saumy1905/PYQFort - Advanced (40 points)
Qualifying PR: #690 by InMostCalmness-Rahul in Saumy1905/PYQFort - Advanced (40 points)
Qualifying PR: #700 by Lavi-hk in Saumy1905/PYQFort - Beginner (20 points)
Qualifying PR: #717 by SK8-infi in Saumy1905/PYQFort - Advanced (40 points)
Qualifying PR: #719 by Verma-MK in Saumy1905/PYQFort - Advanced (40 points)
Qualifying PR: #721 by Lavi-hk in Saumy1905/PYQFort - Beginner (20 points)
Qualifying PR: #724 by AbhishekSharma-9 in Saumy1905/PYQFort - Advanced (40 points)
Qualifying PR: #728 by Verma-MK in Saumy1905/PYQFort - Advanced (40 points)
Qualifying PR: #737 by Sejal-collection in Saumy1905/PYQFort - Intermediate (30 points)
Qualifying PR: #740 by Verma-MK in Saumy1905/PYQFort - Advanced (40 points)
Qualifying PR: #745 by Lavi-hk in Saumy1905/PYQFort - Beginner (20 points)
Qualifying PR: #747 by Verma-MK in Saumy1905/PYQFort - Advanced (40 points)
Qualifying PR: #765 by Verma-MK in Saumy1905/PYQFort - Advanced (40 points)
Qualifying PR: #767 by renuvarma67 in Saumy1905/PYQFort - Intermediate (30 points)
Qualifying PR: #774 by Verma-MK in Saumy1905/PYQFort - Advanced (40 points)
Qualifying PR: #777 by renuvarma67 in Saumy1905/PYQFort - Intermediate (30 points)
Qualifying PR: #778 by Sayan-206 in Saumy1905/PYQFort - Advanced (40 points)
Qualifying PR: #780 by HARSHMOHAN01 in Saumy1905/PYQFort - Beginner (20 points)
Qualifying PR: #783 by Megha-sing in Saumy1905/PYQFort - Beginner (20 points)
Qualifying PR: #786 by Lavi-hk in Saumy1905/PYQFort - Intermediate (30 points)
Qualifying PR: #790 by Verma-MK in Saumy1905/PYQFort - Advanced (40 points)
Qualifying PR: #794 by Megha-sing in Saumy1905/PYQFort - Advanced (40 points)
Qualifying PR: #799 by Verma-MK in Saumy1905/PYQFort - Advanced (40 points)
Qualifying PR: #804 by anuvind570 in Saumy1905/PYQFort - Beginner (20 points)
Qualifying PR: #807 by s4chinjha in Saumy1905/PYQFort - Advanced (40 points)
Qualifying PR: #810 by s4chinjha in Saumy1905/PYQFort - Advanced (40 points)
Qualifying PR: #812 by s4chinjha in Saumy1905/PYQFort - Advanced (40 points)
Qualifying PR: #814 by s4chinjha in Saumy1905/PYQFort - Advanced (40 points)
Qualifying PR: #822 by s4chinjha in Saumy1905/PYQFort - Advanced (40 points)
Qualifying PR: #826 by s4chinjha in Saumy1905/PYQFort - Advanced (40 points)
Qualifying PR: #828 by giriraj-roy-7723 in Saumy1905/PYQFort - Intermediate (30 points)
Qualifying PR: #830 by anuvind570 in Saumy1905/PYQFort - Beginner (20 points)
Qualifying PR: #831 by s4chinjha in Saumy1905/PYQFort - Advanced (40 points)
Qualifying PR: #833 by denshaw-09 in Saumy1905/PYQFort - Intermediate (30 points)
Qualifying PR: #834 by s4chinjha in Saumy1905/PYQFort - Advanced (40 points)
Qualifying PR: #836 by Verma-MK in Saumy1905/PYQFort - Advanced (40 points)
Qualifying PR: #839 by s4chinjha in Saumy1905/PYQFort - Advanced (40 points)
Qualifying PR: #842 by s4chinjha in Saumy1905/PYQFort - Advanced (40 points)
Qualifying PR: #846 by ItsMeAnanyaSrivastava in Saumy1905/PYQFort - Beginner (20 points)
Qualifying PR: #847 by Sejal-collection in Saumy1905/PYQFort - Intermediate (30 points)
Qualifying PR: #849 by Sayan-206 in Saumy1905/PYQFort - Advanced (40 points)
Qualifying PR: #850 by Verma-MK in Saumy1905/PYQFort - Advanced (40 points)
Qualifying PR: #852 by ItsMeAnanyaSrivastava in Saumy1905/PYQFort - Beginner (20 points)
Qualifying PR: #854 by Verma-MK in Saumy1905/PYQFort - Advanced (40 points)
Qualifying PR: #856 by InMostCalmness-Rahul in Saumy1905/PYQFort - Intermediate (30 points)
Qualifying PR: #858 by HARSHMOHAN01 in Saumy1905/PYQFort - Beginner (20 points)
Qualifying PR: #859 by HARSHMOHAN01 in Saumy1905/PYQFort - Beginner (20 points)
Qualifying PR: #861 by ItsMeAnanyaSrivastava in Saumy1905/PYQFort - Beginner (20 points)
Qualifying PR: #863 by ItsMeAnanyaSrivastava in Saumy1905/PYQFort - Advanced (40 points)
Qualifying PR: #864 by ItsMeAnanyaSrivastava in Saumy1905/PYQFort - Intermediate (30 points)

Skipping ISHAAN-KKR/Entprep (removed from the list due to inactivity).

Fetching PRs for Code-A2Z/jarvis with label SSoC25...
Fetching page of PRs...
Using token ending with ...7HYO
Rate limit: 4989/5000 (resets at 8:01:29 PM)
Retrieved 3 PRs in this page
Total PRs fetched for Code-A2Z/jarvis: 3
Qualifying PR: #292 by Siri-026 in Code-A2Z/jarvis - Intermediate (30 points)
Qualifying PR: #295 by satyajit-patel in Code-A2Z/jarvis - Intermediate (30 points)
Qualifying PR: #301 by satyajit-patel in Code-A2Z/jarvis - Intermediate (30 points)

Skipping Code-A2Z/code-a2z (removed from the list due to inactivity).

Fetching PRs for rutikakengal/FoodFusion-Online-Food-Ordering-Web with label SSoC25...
Fetching page of PRs...
Using token ending with ...ix2X
Rate limit: 4988/5000 (resets at 8:01:28 PM)
Retrieved 38 PRs in this page
Total PRs fetched for rutikakengal/FoodFusion-Online-Food-Ordering-Web: 38
Qualifying PR: #106 by archangel2006 in rutikakengal/FoodFusion-Online-Food-Ordering-Web - Intermediate (30 points)
Qualifying PR: #155 by ravneet27062004 in rutikakengal/FoodFusion-Online-Food-Ordering-Web - Beginner (20 points)
Qualifying PR: #156 by ravneet27062004 in rutikakengal/FoodFusion-Online-Food-Ordering-Web - Beginner (20 points)
Qualifying PR: #160 by kavitha308 in rutikakengal/FoodFusion-Online-Food-Ordering-Web - Beginner (20 points)
Qualifying PR: #165 by Adithkp03 in rutikakengal/FoodFusion-Online-Food-Ordering-Web - Beginner (20 points)
Qualifying PR: #167 by Ronnit44 in rutikakengal/FoodFusion-Online-Food-Ordering-Web - Beginner (20 points)
Qualifying PR: #174 by Suhaniisingh05 in rutikakengal/FoodFusion-Online-Food-Ordering-Web - Beginner (20 points)
Qualifying PR: #181 by Suhaniisingh05 in rutikakengal/FoodFusion-Online-Food-Ordering-Web - Beginner (20 points)
Qualifying PR: #184 by archangel2006 in rutikakengal/FoodFusion-Online-Food-Ordering-Web - Beginner (20 points)
Qualifying PR: #185 by Student-ravneet in rutikakengal/FoodFusion-Online-Food-Ordering-Web - Beginner (20 points)
Qualifying PR: #194 by Student-ravneet in rutikakengal/FoodFusion-Online-Food-Ordering-Web - Intermediate (30 points)
Qualifying PR: #201 by Verma-MK in rutikakengal/FoodFusion-Online-Food-Ordering-Web - Beginner (20 points)
Qualifying PR: #203 by Student-ravneet in rutikakengal/FoodFusion-Online-Food-Ordering-Web - Beginner (20 points)
Qualifying PR: #209 by Verma-MK in rutikakengal/FoodFusion-Online-Food-Ordering-Web - Beginner (20 points)
Qualifying PR: #210 by Renu-code123 in rutikakengal/FoodFusion-Online-Food-Ordering-Web - Intermediate (30 points)
Qualifying PR: #213 by Kushagra888 in rutikakengal/FoodFusion-Online-Food-Ordering-Web - Intermediate (30 points)
Qualifying PR: #214 by Kushagra888 in rutikakengal/FoodFusion-Online-Food-Ordering-Web - Intermediate (30 points)
Qualifying PR: #215 by Renu-code123 in rutikakengal/FoodFusion-Online-Food-Ordering-Web - Beginner (20 points)
Qualifying PR: #222 by Renu-code123 in rutikakengal/FoodFusion-Online-Food-Ordering-Web - Intermediate (30 points)
Qualifying PR: #230 by dinesh-2047 in rutikakengal/FoodFusion-Online-Food-Ordering-Web - Intermediate (30 points)
Qualifying PR: #231 by dinesh-2047 in rutikakengal/FoodFusion-Online-Food-Ordering-Web - Beginner (20 points)
Qualifying PR: #232 by dinesh-2047 in rutikakengal/FoodFusion-Online-Food-Ordering-Web - Beginner (20 points)
Qualifying PR: #233 by dinesh-2047 in rutikakengal/FoodFusion-Online-Food-Ordering-Web - Beginner (20 points)
Qualifying PR: #245 by dinesh-2047 in rutikakengal/FoodFusion-Online-Food-Ordering-Web - Beginner (20 points)
Qualifying PR: #248 by dinesh-2047 in rutikakengal/FoodFusion-Online-Food-Ordering-Web - Beginner (20 points)
Qualifying PR: #249 by dinesh-2047 in rutikakengal/FoodFusion-Online-Food-Ordering-Web - Beginner (20 points)
Qualifying PR: #250 by dinesh-2047 in rutikakengal/FoodFusion-Online-Food-Ordering-Web - Beginner (20 points)
Qualifying PR: #251 by dinesh-2047 in rutikakengal/FoodFusion-Online-Food-Ordering-Web - Beginner (20 points)
Qualifying PR: #252 by dinesh-2047 in rutikakengal/FoodFusion-Online-Food-Ordering-Web - Beginner (20 points)
Qualifying PR: #253 by MaulikGupta27 in rutikakengal/FoodFusion-Online-Food-Ordering-Web - Intermediate (30 points)
Qualifying PR: #254 by MaulikGupta27 in rutikakengal/FoodFusion-Online-Food-Ordering-Web - Beginner (20 points)
Qualifying PR: #257 by shreyamittal10 in rutikakengal/FoodFusion-Online-Food-Ordering-Web - Intermediate (30 points)

Fetching PRs for ruchikakengal/100_Days_100_webprojects with label SSoC25...
Fetching page of PRs...
Using token ending with ...7HYO
Rate limit: 4988/5000 (resets at 8:01:29 PM)
Retrieved 98 PRs in this page
Total PRs fetched for ruchikakengal/100_Days_100_webprojects: 98
Qualifying PR: #89 by sania0607 in ruchikakengal/100_Days_100_webprojects - Beginner (20 points)
Qualifying PR: #93 by amaansyed27 in ruchikakengal/100_Days_100_webprojects - Intermediate (30 points)
Qualifying PR: #95 by Soumyosish in ruchikakengal/100_Days_100_webprojects - Intermediate (30 points)
Qualifying PR: #98 by Soumyosish in ruchikakengal/100_Days_100_webprojects - Intermediate (30 points)
Qualifying PR: #100 by adwityac in ruchikakengal/100_Days_100_webprojects - Intermediate (30 points)
Qualifying PR: #112 by AnoushkaSamanta in ruchikakengal/100_Days_100_webprojects - Beginner (20 points)
Qualifying PR: #142 by Vishisht-Dwivedi in ruchikakengal/100_Days_100_webprojects - Intermediate (30 points)
Qualifying PR: #150 by MaulikGupta27 in ruchikakengal/100_Days_100_webprojects - Intermediate (30 points)
Qualifying PR: #151 by MaulikGupta27 in ruchikakengal/100_Days_100_webprojects - Beginner (20 points)
Qualifying PR: #170 by Radhika-dodain in ruchikakengal/100_Days_100_webprojects - Intermediate (30 points)
Qualifying PR: #189 by Student-ravneet in ruchikakengal/100_Days_100_webprojects - Beginner (20 points)
Qualifying PR: #201 by ANTIK-007 in ruchikakengal/100_Days_100_webprojects - Beginner (20 points)
Qualifying PR: #202 by dipmanmajumdar in ruchikakengal/100_Days_100_webprojects - Intermediate (30 points)
Qualifying PR: #207 by pahimauchil in ruchikakengal/100_Days_100_webprojects - Beginner (20 points)
Qualifying PR: #210 by chauhangarv in ruchikakengal/100_Days_100_webprojects - Beginner (20 points)
Qualifying PR: #211 by Abhirup-261004 in ruchikakengal/100_Days_100_webprojects - Beginner (20 points)
Qualifying PR: #213 by Nandinikumari02 in ruchikakengal/100_Days_100_webprojects - Beginner (20 points)
Qualifying PR: #214 by anchalchaturvedi08 in ruchikakengal/100_Days_100_webprojects - Beginner (20 points)
Qualifying PR: #216 by Priyakatariya in ruchikakengal/100_Days_100_webprojects - Beginner (20 points)
Qualifying PR: #219 by HARSHMOHAN01 in ruchikakengal/100_Days_100_webprojects - Beginner (20 points)
Qualifying PR: #220 by Priyanshi-prog in ruchikakengal/100_Days_100_webprojects - Beginner (20 points)
Qualifying PR: #223 by Kushagra888 in ruchikakengal/100_Days_100_webprojects - Beginner (20 points)
Qualifying PR: #224 by Soumyosish in ruchikakengal/100_Days_100_webprojects - Intermediate (30 points)
Qualifying PR: #225 by Kushagra888 in ruchikakengal/100_Days_100_webprojects - Beginner (20 points)
Qualifying PR: #229 by Verma-MK in ruchikakengal/100_Days_100_webprojects - Beginner (20 points)
Qualifying PR: #242 by MaulikGupta27 in ruchikakengal/100_Days_100_webprojects - Beginner (20 points)
Qualifying PR: #288 by Kushagra888 in ruchikakengal/100_Days_100_webprojects - Beginner (20 points)
Qualifying PR: #296 by Priyakatariya in ruchikakengal/100_Days_100_webprojects - Intermediate (30 points)
Qualifying PR: #311 by kauntiaakash2 in ruchikakengal/100_Days_100_webprojects - Beginner (20 points)
Qualifying PR: #335 by Ashi1411 in ruchikakengal/100_Days_100_webprojects - Beginner (20 points)
Qualifying PR: #346 by Verma-MK in ruchikakengal/100_Days_100_webprojects - Intermediate (30 points)
Qualifying PR: #357 by reeteesha-roy in ruchikakengal/100_Days_100_webprojects - Intermediate (30 points)
Qualifying PR: #367 by arthavjain103 in ruchikakengal/100_Days_100_webprojects - Beginner (20 points)
Qualifying PR: #377 by VJLIVE in ruchikakengal/100_Days_100_webprojects - Beginner (20 points)
Qualifying PR: #385 by tanu91112 in ruchikakengal/100_Days_100_webprojects - Beginner (20 points)
Qualifying PR: #389 by Verma-MK in ruchikakengal/100_Days_100_webprojects - Beginner (20 points)
Qualifying PR: #412 by Verma-MK in ruchikakengal/100_Days_100_webprojects - Beginner (20 points)
Qualifying PR: #417 by tanu91112 in ruchikakengal/100_Days_100_webprojects - Beginner (20 points)
Qualifying PR: #420 by reeteesha-roy in ruchikakengal/100_Days_100_webprojects - Beginner (20 points)
Qualifying PR: #422 by giriraj-roy-7723 in ruchikakengal/100_Days_100_webprojects - Intermediate (30 points)
Qualifying PR: #424 by tanu91112 in ruchikakengal/100_Days_100_webprojects - Beginner (20 points)
Qualifying PR: #441 by Verma-MK in ruchikakengal/100_Days_100_webprojects - Beginner (20 points)
Qualifying PR: #481 by Verma-MK in ruchikakengal/100_Days_100_webprojects - Intermediate (30 points)
Qualifying PR: #496 by dinesh-2047 in ruchikakengal/100_Days_100_webprojects - Beginner (20 points)
Qualifying PR: #501 by dinesh-2047 in ruchikakengal/100_Days_100_webprojects - Intermediate (30 points)
Qualifying PR: #506 by dinesh-2047 in ruchikakengal/100_Days_100_webprojects - Beginner (20 points)
Qualifying PR: #507 by dinesh-2047 in ruchikakengal/100_Days_100_webprojects - Beginner (20 points)
Qualifying PR: #518 by dinesh-2047 in ruchikakengal/100_Days_100_webprojects - Beginner (20 points)
Qualifying PR: #523 by dinesh-2047 in ruchikakengal/100_Days_100_webprojects - Intermediate (30 points)
Qualifying PR: #528 by Verma-MK in ruchikakengal/100_Days_100_webprojects - Beginner (20 points)
Qualifying PR: #543 by dinesh-2047 in ruchikakengal/100_Days_100_webprojects - Beginner (20 points)
Qualifying PR: #561 by Verma-MK in ruchikakengal/100_Days_100_webprojects - Beginner (20 points)
Qualifying PR: #562 by Verma-MK in ruchikakengal/100_Days_100_webprojects - Intermediate (30 points)
Qualifying PR: #563 by Verma-MK in ruchikakengal/100_Days_100_webprojects - Intermediate (30 points)
Qualifying PR: #573 by Priyakatariya in ruchikakengal/100_Days_100_webprojects - Intermediate (30 points)
Qualifying PR: #576 by Sejal-collection in ruchikakengal/100_Days_100_webprojects - Beginner (20 points)
Qualifying PR: #577 by Neha-Singh-j in ruchikakengal/100_Days_100_webprojects - Beginner (20 points)
Qualifying PR: #578 by Verma-MK in ruchikakengal/100_Days_100_webprojects - Intermediate (30 points)
Qualifying PR: #579 by Verma-MK in ruchikakengal/100_Days_100_webprojects - Intermediate (30 points)
Qualifying PR: #580 by Verma-MK in ruchikakengal/100_Days_100_webprojects - Beginner (20 points)
Qualifying PR: #581 by Verma-MK in ruchikakengal/100_Days_100_webprojects - Beginner (20 points)
Qualifying PR: #588 by Verma-MK in ruchikakengal/100_Days_100_webprojects - Intermediate (30 points)
Qualifying PR: #589 by Verma-MK in ruchikakengal/100_Days_100_webprojects - Beginner (20 points)
Qualifying PR: #590 by Verma-MK in ruchikakengal/100_Days_100_webprojects - Beginner (20 points)
Qualifying PR: #594 by tanu91112 in ruchikakengal/100_Days_100_webprojects - Intermediate (30 points)
Qualifying PR: #595 by tanu91112 in ruchikakengal/100_Days_100_webprojects - Intermediate (30 points)
Qualifying PR: #611 by Verma-MK in ruchikakengal/100_Days_100_webprojects - Beginner (20 points)
Qualifying PR: #612 by Verma-MK in ruchikakengal/100_Days_100_webprojects - Beginner (20 points)
Qualifying PR: #613 by Verma-MK in ruchikakengal/100_Days_100_webprojects - Beginner (20 points)
Qualifying PR: #614 by Verma-MK in ruchikakengal/100_Days_100_webprojects - Intermediate (30 points)
Qualifying PR: #615 by Verma-MK in ruchikakengal/100_Days_100_webprojects - Beginner (20 points)
Qualifying PR: #616 by Verma-MK in ruchikakengal/100_Days_100_webprojects - Intermediate (30 points)
Qualifying PR: #617 by Verma-MK in ruchikakengal/100_Days_100_webprojects - Intermediate (30 points)
Qualifying PR: #618 by Verma-MK in ruchikakengal/100_Days_100_webprojects - Beginner (20 points)
Qualifying PR: #619 by Verma-MK in ruchikakengal/100_Days_100_webprojects - Beginner (20 points)
Qualifying PR: #630 by dinesh-2047 in ruchikakengal/100_Days_100_webprojects - Intermediate (30 points)
Qualifying PR: #644 by Verma-MK in ruchikakengal/100_Days_100_webprojects - Intermediate (30 points)
Qualifying PR: #647 by dinesh-2047 in ruchikakengal/100_Days_100_webprojects - Beginner (20 points)
Qualifying PR: #648 by dinesh-2047 in ruchikakengal/100_Days_100_webprojects - Intermediate (30 points)
Qualifying PR: #649 by dinesh-2047 in ruchikakengal/100_Days_100_webprojects - Beginner (20 points)
Qualifying PR: #650 by dinesh-2047 in ruchikakengal/100_Days_100_webprojects - Beginner (20 points)
Qualifying PR: #658 by Verma-MK in ruchikakengal/100_Days_100_webprojects - Intermediate (30 points)
Qualifying PR: #661 by tanu91112 in ruchikakengal/100_Days_100_webprojects - Beginner (20 points)
Qualifying PR: #677 by tanu91112 in ruchikakengal/100_Days_100_webprojects - Intermediate (30 points)
Qualifying PR: #680 by Verma-MK in ruchikakengal/100_Days_100_webprojects - Intermediate (30 points)
Qualifying PR: #687 by Verma-MK in ruchikakengal/100_Days_100_webprojects - Beginner (20 points)
Qualifying PR: #715 by Verma-MK in ruchikakengal/100_Days_100_webprojects - Intermediate (30 points)
Qualifying PR: #716 by Verma-MK in ruchikakengal/100_Days_100_webprojects - Intermediate (30 points)
Qualifying PR: #719 by dinesh-2047 in ruchikakengal/100_Days_100_webprojects - Beginner (20 points)
Qualifying PR: #720 by dinesh-2047 in ruchikakengal/100_Days_100_webprojects - Beginner (20 points)
Qualifying PR: #722 by dinesh-2047 in ruchikakengal/100_Days_100_webprojects - Intermediate (30 points)
Qualifying PR: #723 by dinesh-2047 in ruchikakengal/100_Days_100_webprojects - Beginner (20 points)
Qualifying PR: #724 by dinesh-2047 in ruchikakengal/100_Days_100_webprojects - Beginner (20 points)

Skipping dhairyagothi/100_days_100_web_project (removed from the list due to inactivity).

Skipping Nikkhil003/Carbon-Footprint-Detection (removed from the list due to inactivity).

Skipping Akshat111111/NexTrade (removed from the list due to inactivity).

Fetching PRs for itsaryanchauhan/ThinkDSA with label SSoC25...
Fetching page of PRs...
Using token ending with ...ix2X
Rate limit: 4987/5000 (resets at 8:01:28 PM)
Retrieved 9 PRs in this page
Total PRs fetched for itsaryanchauhan/ThinkDSA: 9
Qualifying PR: #37 by m1ss-chief in itsaryanchauhan/ThinkDSA - Beginner (20 points)
Qualifying PR: #43 by TheAnumaan in itsaryanchauhan/ThinkDSA - Advanced (40 points)
Qualifying PR: #46 by Harsh16Bhardwaj in itsaryanchauhan/ThinkDSA - Advanced (40 points)
Qualifying PR: #47 by nupurmadaan04 in itsaryanchauhan/ThinkDSA - Beginner (20 points)
Qualifying PR: #62 by Somilg11 in itsaryanchauhan/ThinkDSA - Intermediate (30 points)
Qualifying PR: #66 by Tarushiiiii in itsaryanchauhan/ThinkDSA - Beginner (20 points)
Qualifying PR: #75 by Chavva-Harshita in itsaryanchauhan/ThinkDSA - Beginner (20 points)
Qualifying PR: #81 by Vishisht-Dwivedi in itsaryanchauhan/ThinkDSA - Advanced (40 points)
Qualifying PR: #90 by ZarrarPeshimam in itsaryanchauhan/ThinkDSA - Intermediate (30 points)

Skipping xxRAJA/GYM-Profile- (removed from the list due to inactivity).

Fetching PRs for Mayur-Pagote/README_Design_Kit with label SSoC25...
Fetching page of PRs...
Using token ending with ...7HYO
Rate limit: 4987/5000 (resets at 8:01:29 PM)
Retrieved 92 PRs in this page
Total PRs fetched for Mayur-Pagote/README_Design_Kit: 92
Qualifying PR: #8 by aryanguptacsvtu in Mayur-Pagote/README_Design_Kit - Beginner (20 points)
Qualifying PR: #19 by Code-writter in Mayur-Pagote/README_Design_Kit - Advanced (40 points)
Qualifying PR: #21 by Code-writter in Mayur-Pagote/README_Design_Kit - Beginner (20 points)
Qualifying PR: #25 by Code-writter in Mayur-Pagote/README_Design_Kit - Beginner (20 points)
Qualifying PR: #29 by vivekd16 in Mayur-Pagote/README_Design_Kit - Beginner (20 points)
Qualifying PR: #30 by vivekd16 in Mayur-Pagote/README_Design_Kit - Beginner (20 points)
Qualifying PR: #31 by amaansyed27 in Mayur-Pagote/README_Design_Kit - Intermediate (30 points)
Qualifying PR: #40 by Varshitha713 in Mayur-Pagote/README_Design_Kit - Beginner (20 points)
Qualifying PR: #41 by amaansyed27 in Mayur-Pagote/README_Design_Kit - Advanced (40 points)
Qualifying PR: #44 by awrya-cmd in Mayur-Pagote/README_Design_Kit - Beginner (20 points)
Qualifying PR: #45 by Varshitha713 in Mayur-Pagote/README_Design_Kit - Beginner (20 points)
Qualifying PR: #49 by amaansyed27 in Mayur-Pagote/README_Design_Kit - Beginner (20 points)
Qualifying PR: #50 by Varshitha713 in Mayur-Pagote/README_Design_Kit - Beginner (20 points)
Qualifying PR: #53 by Varshitha713 in Mayur-Pagote/README_Design_Kit - Beginner (20 points)
Qualifying PR: #66 by Webwizzz22 in Mayur-Pagote/README_Design_Kit - Beginner (20 points)
Qualifying PR: #67 by Verma-MK in Mayur-Pagote/README_Design_Kit - Beginner (20 points)
Qualifying PR: #70 by Verma-MK in Mayur-Pagote/README_Design_Kit - Beginner (20 points)
Qualifying PR: #73 by HimanshuKabra01 in Mayur-Pagote/README_Design_Kit - Beginner (20 points)
Qualifying PR: #74 by piyushdhoka in Mayur-Pagote/README_Design_Kit - Beginner (20 points)
Qualifying PR: #77 by Y4shu in Mayur-Pagote/README_Design_Kit - Beginner (20 points)
Qualifying PR: #79 by vivekd16 in Mayur-Pagote/README_Design_Kit - Beginner (20 points)
Qualifying PR: #80 by Dru-429 in Mayur-Pagote/README_Design_Kit - Beginner (20 points)
Qualifying PR: #82 by Dru-429 in Mayur-Pagote/README_Design_Kit - Beginner (20 points)
Qualifying PR: #83 by Webwizzz22 in Mayur-Pagote/README_Design_Kit - Beginner (20 points)
Qualifying PR: #89 by amaansyed27 in Mayur-Pagote/README_Design_Kit - Intermediate (30 points)
Qualifying PR: #93 by Kanwalgunkaur1111 in Mayur-Pagote/README_Design_Kit - Beginner (20 points)
Qualifying PR: #97 by Jashneer in Mayur-Pagote/README_Design_Kit - Advanced (40 points)
Qualifying PR: #107 by piyushdhoka in Mayur-Pagote/README_Design_Kit - Beginner (20 points)
Qualifying PR: #110 by amaansyed27 in Mayur-Pagote/README_Design_Kit - Beginner (20 points)
Qualifying PR: #112 by coddingjatin in Mayur-Pagote/README_Design_Kit - Intermediate (30 points)
Qualifying PR: #115 by Jidnyasa-P in Mayur-Pagote/README_Design_Kit - Beginner (20 points)
Qualifying PR: #118 by Verma-MK in Mayur-Pagote/README_Design_Kit - Beginner (20 points)
Qualifying PR: #119 by vivekd16 in Mayur-Pagote/README_Design_Kit - Beginner (20 points)
Qualifying PR: #120 by Chavva-Harshita in Mayur-Pagote/README_Design_Kit - Beginner (20 points)
Qualifying PR: #121 by Jashneer in Mayur-Pagote/README_Design_Kit - Intermediate (30 points)
Qualifying PR: #124 by HimanshuKabra01 in Mayur-Pagote/README_Design_Kit - Beginner (20 points)
Qualifying PR: #126 by Jashneer in Mayur-Pagote/README_Design_Kit - Beginner (20 points)
Qualifying PR: #129 by Varshitha713 in Mayur-Pagote/README_Design_Kit - Intermediate (30 points)
Qualifying PR: #131 by AnishSambhwani8278 in Mayur-Pagote/README_Design_Kit - Intermediate (30 points)
Qualifying PR: #134 by piyushdhoka in Mayur-Pagote/README_Design_Kit - Beginner (20 points)
Qualifying PR: #136 by Jashneer in Mayur-Pagote/README_Design_Kit - Intermediate (30 points)
Qualifying PR: #137 by amaansyed27 in Mayur-Pagote/README_Design_Kit - Advanced (40 points)
Qualifying PR: #142 by architasaha21 in Mayur-Pagote/README_Design_Kit - Beginner (20 points)
Qualifying PR: #143 by Verma-MK in Mayur-Pagote/README_Design_Kit - Beginner (20 points)
Qualifying PR: #144 by Jashneer in Mayur-Pagote/README_Design_Kit - Intermediate (30 points)
Qualifying PR: #147 by Alam9835 in Mayur-Pagote/README_Design_Kit - Beginner (20 points)
Qualifying PR: #148 by Soumyosish in Mayur-Pagote/README_Design_Kit - Beginner (20 points)
Qualifying PR: #156 by vivekd16 in Mayur-Pagote/README_Design_Kit - Intermediate (30 points)
Qualifying PR: #157 by Varshitha713 in Mayur-Pagote/README_Design_Kit - Advanced (40 points)
Qualifying PR: #160 by AnishSambhwani8278 in Mayur-Pagote/README_Design_Kit - Beginner (20 points)
Qualifying PR: #163 by amaansyed27 in Mayur-Pagote/README_Design_Kit - Intermediate (30 points)
Qualifying PR: #165 by Verma-MK in Mayur-Pagote/README_Design_Kit - Beginner (20 points)
Qualifying PR: #170 by Code-writter in Mayur-Pagote/README_Design_Kit - Intermediate (30 points)
Qualifying PR: #171 by anchalchaturvedi08 in Mayur-Pagote/README_Design_Kit - Beginner (20 points)
Qualifying PR: #172 by Jashneer in Mayur-Pagote/README_Design_Kit - Intermediate (30 points)
Qualifying PR: #178 by Verma-MK in Mayur-Pagote/README_Design_Kit - Beginner (20 points)
Qualifying PR: #181 by HimanshuKabra01 in Mayur-Pagote/README_Design_Kit - Beginner (20 points)
Qualifying PR: #185 by Webwizzz22 in Mayur-Pagote/README_Design_Kit - Beginner (20 points)
Qualifying PR: #186 by Code-writter in Mayur-Pagote/README_Design_Kit - Intermediate (30 points)
Qualifying PR: #187 by amaansyed27 in Mayur-Pagote/README_Design_Kit - Intermediate (30 points)
Qualifying PR: #193 by Code-writter in Mayur-Pagote/README_Design_Kit - Intermediate (30 points)
Qualifying PR: #195 by amaansyed27 in Mayur-Pagote/README_Design_Kit - Intermediate (30 points)
Qualifying PR: #198 by AnishSambhwani8278 in Mayur-Pagote/README_Design_Kit - Intermediate (30 points)
Qualifying PR: #201 by HimanshuKabra01 in Mayur-Pagote/README_Design_Kit - Beginner (20 points)
Qualifying PR: #203 by Code-writter in Mayur-Pagote/README_Design_Kit - Beginner (20 points)
Qualifying PR: #204 by HimanshuKabra01 in Mayur-Pagote/README_Design_Kit - Beginner (20 points)
Qualifying PR: #207 by Verma-MK in Mayur-Pagote/README_Design_Kit - Beginner (20 points)
Qualifying PR: #210 by HimanshuKabra01 in Mayur-Pagote/README_Design_Kit - Beginner (20 points)
Qualifying PR: #213 by amaansyed27 in Mayur-Pagote/README_Design_Kit - Advanced (40 points)
Qualifying PR: #215 by HimanshuKabra01 in Mayur-Pagote/README_Design_Kit - Beginner (20 points)
Qualifying PR: #217 by HimanshuKabra01 in Mayur-Pagote/README_Design_Kit - Beginner (20 points)
Qualifying PR: #218 by Verma-MK in Mayur-Pagote/README_Design_Kit - Beginner (20 points)
Qualifying PR: #219 by Code-writter in Mayur-Pagote/README_Design_Kit - Advanced (40 points)
Qualifying PR: #221 by HimanshuKabra01 in Mayur-Pagote/README_Design_Kit - Beginner (20 points)
Qualifying PR: #223 by amaansyed27 in Mayur-Pagote/README_Design_Kit - Advanced (40 points)
Qualifying PR: #224 by HimanshuKabra01 in Mayur-Pagote/README_Design_Kit - Beginner (20 points)
Qualifying PR: #229 by HimanshuKabra01 in Mayur-Pagote/README_Design_Kit - Beginner (20 points)
Qualifying PR: #232 by Verma-MK in Mayur-Pagote/README_Design_Kit - Beginner (20 points)
Qualifying PR: #233 by HimanshuKabra01 in Mayur-Pagote/README_Design_Kit - Beginner (20 points)
Qualifying PR: #235 by amaansyed27 in Mayur-Pagote/README_Design_Kit - Beginner (20 points)
Qualifying PR: #238 by HimanshuKabra01 in Mayur-Pagote/README_Design_Kit - Beginner (20 points)
Qualifying PR: #242 by amaansyed27 in Mayur-Pagote/README_Design_Kit - Advanced (40 points)
Qualifying PR: #243 by HimanshuKabra01 in Mayur-Pagote/README_Design_Kit - Beginner (20 points)
Qualifying PR: #245 by HimanshuKabra01 in Mayur-Pagote/README_Design_Kit - Beginner (20 points)
Qualifying PR: #247 by HimanshuKabra01 in Mayur-Pagote/README_Design_Kit - Beginner (20 points)
Qualifying PR: #251 by HimanshuKabra01 in Mayur-Pagote/README_Design_Kit - Beginner (20 points)
Qualifying PR: #256 by HimanshuKabra01 in Mayur-Pagote/README_Design_Kit - Beginner (20 points)

Skipping Drago-03/Neural-Nexus (removed from the list due to inactivity).

Skipping B4S1C-Coder/Decentralized-File-Storage (removed from the list due to inactivity).

Skipping dhairyagothi/StationGuide (removed from the list due to inactivity).

Skipping RudraniGhosh24/NyayaBot (removed from the list due to inactivity).

Fetching PRs for Programmers-Paradise/Annie with label SSoC25...
Fetching page of PRs...
Using token ending with ...ix2X
Rate limit: 4986/5000 (resets at 8:01:28 PM)
Retrieved 1 PRs in this page
Total PRs fetched for Programmers-Paradise/Annie: 1

Skipping Premkolte/AnimateHub (removed from the list due to inactivity).

Fetching PRs for venuchander/fintrack with label SSoC25...
Fetching page of PRs...
Using token ending with ...7HYO
Rate limit: 4986/5000 (resets at 8:01:29 PM)
Retrieved 22 PRs in this page
Total PRs fetched for venuchander/fintrack: 22
Qualifying PR: #10 by aryanguptacsvtu in venuchander/fintrack - Beginner (20 points)
Qualifying PR: #35 by ZarrarPeshimam in venuchander/fintrack - Beginner (20 points)
Qualifying PR: #38 by Ashi1411 in venuchander/fintrack - Beginner (20 points)
Qualifying PR: #41 by m1ss-chief in venuchander/fintrack - Beginner (20 points)
Qualifying PR: #42 by GarimaYadav29 in venuchander/fintrack - Beginner (20 points)
Qualifying PR: #44 by m1ss-chief in venuchander/fintrack - Beginner (20 points)
Qualifying PR: #46 by decodekush in venuchander/fintrack - Intermediate (30 points)
Qualifying PR: #56 by vishnukothakapu in venuchander/fintrack - Intermediate (30 points)
Qualifying PR: #57 by suri5790 in venuchander/fintrack - Intermediate (30 points)
Qualifying PR: #60 by Sohi07 in venuchander/fintrack - Beginner (20 points)
Qualifying PR: #61 by vishnukothakapu in venuchander/fintrack - Intermediate (30 points)
Qualifying PR: #68 by VJLIVE in venuchander/fintrack - Intermediate (30 points)
Qualifying PR: #69 by VJLIVE in venuchander/fintrack - Intermediate (30 points)
Qualifying PR: #70 by suri5790 in venuchander/fintrack - Beginner (20 points)
Qualifying PR: #76 by Sohi07 in venuchander/fintrack - Intermediate (30 points)
Qualifying PR: #79 by arthavjain103 in venuchander/fintrack - Beginner (20 points)
Qualifying PR: #81 by Sohi07 in venuchander/fintrack - Intermediate (30 points)
Qualifying PR: #87 by Sohi07 in venuchander/fintrack - Beginner (20 points)
Qualifying PR: #91 by Sohi07 in venuchander/fintrack - Beginner (20 points)
Qualifying PR: #94 by VJLIVE in venuchander/fintrack - Beginner (20 points)

Skipping imsuryya/CSphere (removed from the list due to inactivity).

Skipping adityasingh-0803/Canvasmind (removed from the list due to inactivity).

Skipping ShrutiSawant0804/Statewise-Police-Political-Directory-Portal (removed from the list due to inactivity).

Fetching PRs for sailaja-adapa/Vipreshana with label SSoC25...
Fetching page of PRs...
Using token ending with ...ix2X
Rate limit: 4985/5000 (resets at 8:01:28 PM)
Retrieved 77 PRs in this page
Total PRs fetched for sailaja-adapa/Vipreshana: 77
Qualifying PR: #28 by shreesriv12 in sailaja-adapa/Vipreshana - Advanced (40 points)
Qualifying PR: #36 by rajusharmadata in sailaja-adapa/Vipreshana - Beginner (20 points)
Qualifying PR: #39 by SK8-infi in sailaja-adapa/Vipreshana - Intermediate (30 points)
Qualifying PR: #43 by SK8-infi in sailaja-adapa/Vipreshana - Intermediate (30 points)
Qualifying PR: #45 by shambhavi0608 in sailaja-adapa/Vipreshana - Beginner (20 points)
Qualifying PR: #46 by Samiran2004 in sailaja-adapa/Vipreshana - Advanced (40 points)
Qualifying PR: #49 by nupurmadaan04 in sailaja-adapa/Vipreshana - Intermediate (30 points)
Qualifying PR: #51 by Ronnit44 in sailaja-adapa/Vipreshana - Beginner (20 points)
Qualifying PR: #53 by Lalitha216 in sailaja-adapa/Vipreshana - Beginner (20 points)
Qualifying PR: #55 by Samiran2004 in sailaja-adapa/Vipreshana - Intermediate (30 points)
Qualifying PR: #60 by ultimatrix2 in sailaja-adapa/Vipreshana - Advanced (40 points)
Qualifying PR: #61 by Samiran2004 in sailaja-adapa/Vipreshana - Beginner (20 points)
Qualifying PR: #67 by arthavjain103 in sailaja-adapa/Vipreshana - Intermediate (30 points)
Qualifying PR: #73 by Vartekalohiya13 in sailaja-adapa/Vipreshana - Intermediate (30 points)
Qualifying PR: #80 by kotlalokeshwari098 in sailaja-adapa/Vipreshana - Beginner (20 points)
Qualifying PR: #81 by arthavjain103 in sailaja-adapa/Vipreshana - Advanced (40 points)
Qualifying PR: #83 by Samiran2004 in sailaja-adapa/Vipreshana - Advanced (40 points)
Qualifying PR: #92 by arthavjain103 in sailaja-adapa/Vipreshana - Beginner (20 points)
Qualifying PR: #97 by Ronnit44 in sailaja-adapa/Vipreshana - Beginner (20 points)
Qualifying PR: #98 by Vartekalohiya13 in sailaja-adapa/Vipreshana - Intermediate (30 points)
Qualifying PR: #105 by arthavjain103 in sailaja-adapa/Vipreshana - Beginner (20 points)
Qualifying PR: #106 by Samridhi-2007 in sailaja-adapa/Vipreshana - Intermediate (30 points)
Qualifying PR: #107 by Webwizzz22 in sailaja-adapa/Vipreshana - Advanced (40 points)
Qualifying PR: #113 by YashChauhan-2303 in sailaja-adapa/Vipreshana - Beginner (20 points)
Qualifying PR: #114 by manavi-24 in sailaja-adapa/Vipreshana - Intermediate (30 points)
Qualifying PR: #118 by pratham15541 in sailaja-adapa/Vipreshana - Advanced (40 points)
Qualifying PR: #123 by kamran-asif in sailaja-adapa/Vipreshana - Beginner (20 points)
Qualifying PR: #125 by bwbeas in sailaja-adapa/Vipreshana - Intermediate (30 points)
Qualifying PR: #128 by Samridhi-2007 in sailaja-adapa/Vipreshana - Beginner (20 points)
Qualifying PR: #131 by arthavjain103 in sailaja-adapa/Vipreshana - Intermediate (30 points)
Qualifying PR: #134 by Webwizzz22 in sailaja-adapa/Vipreshana - Intermediate (30 points)
Qualifying PR: #140 by Ronnit44 in sailaja-adapa/Vipreshana - Beginner (20 points)
Qualifying PR: #146 by decodekush in sailaja-adapa/Vipreshana - Advanced (40 points)
Qualifying PR: #148 by vishnukothakapu in sailaja-adapa/Vipreshana - Advanced (40 points)
Qualifying PR: #150 by bwbeas in sailaja-adapa/Vipreshana - Beginner (20 points)
Qualifying PR: #154 by arthavjain103 in sailaja-adapa/Vipreshana - Intermediate (30 points)
Qualifying PR: #162 by sahithi-kanjarla in sailaja-adapa/Vipreshana - Intermediate (30 points)
Qualifying PR: #166 by decodekush in sailaja-adapa/Vipreshana - Intermediate (30 points)
Qualifying PR: #169 by akashbisht004 in sailaja-adapa/Vipreshana - Advanced (40 points)
Qualifying PR: #182 by arthavjain103 in sailaja-adapa/Vipreshana - Beginner (20 points)
Qualifying PR: #194 by imBharathkumarp in sailaja-adapa/Vipreshana - Beginner (20 points)
Qualifying PR: #198 by RinkiJhunjhunwala in sailaja-adapa/Vipreshana - Beginner (20 points)
Qualifying PR: #200 by Verma-MK in sailaja-adapa/Vipreshana - Intermediate (30 points)
Qualifying PR: #206 by denshaw-09 in sailaja-adapa/Vipreshana - Advanced (40 points)
Qualifying PR: #209 by denshaw-09 in sailaja-adapa/Vipreshana - Intermediate (30 points)
Qualifying PR: #211 by Verma-MK in sailaja-adapa/Vipreshana - Beginner (20 points)
Qualifying PR: #214 by denshaw-09 in sailaja-adapa/Vipreshana - Intermediate (30 points)
Qualifying PR: #216 by HimanshuKabra01 in sailaja-adapa/Vipreshana - Intermediate (30 points)
Qualifying PR: #223 by denshaw-09 in sailaja-adapa/Vipreshana - Beginner (20 points)
Qualifying PR: #228 by rohit-debnath24 in sailaja-adapa/Vipreshana - Intermediate (30 points)
Qualifying PR: #230 by HimanshuKabra01 in sailaja-adapa/Vipreshana - Intermediate (30 points)
Qualifying PR: #232 by denshaw-09 in sailaja-adapa/Vipreshana - Intermediate (30 points)
Qualifying PR: #236 by denshaw-09 in sailaja-adapa/Vipreshana - Beginner (20 points)
Qualifying PR: #237 by Ronnit44 in sailaja-adapa/Vipreshana - Intermediate (30 points)
Qualifying PR: #239 by HimanshuKabra01 in sailaja-adapa/Vipreshana - Intermediate (30 points)
Qualifying PR: #241 by HimanshuKabra01 in sailaja-adapa/Vipreshana - Intermediate (30 points)
Qualifying PR: #243 by HimanshuKabra01 in sailaja-adapa/Vipreshana - Beginner (20 points)
Qualifying PR: #245 by ThulasiPriyaS in sailaja-adapa/Vipreshana - Advanced (40 points)
Qualifying PR: #247 by Ronnit44 in sailaja-adapa/Vipreshana - Intermediate (30 points)
Qualifying PR: #248 by RAJVEER42 in sailaja-adapa/Vipreshana - Beginner (20 points)
Qualifying PR: #257 by ThulasiPriyaS in sailaja-adapa/Vipreshana - Advanced (40 points)
Qualifying PR: #258 by Ronnit44 in sailaja-adapa/Vipreshana - Beginner (20 points)
Qualifying PR: #259 by ThulasiPriyaS in sailaja-adapa/Vipreshana - Intermediate (30 points)
Qualifying PR: #262 by Ronnit44 in sailaja-adapa/Vipreshana - Beginner (20 points)
Qualifying PR: #266 by arthavjain103 in sailaja-adapa/Vipreshana - Beginner (20 points)

Skipping PARIGUPTA0011/Samwaad (removed from the list due to inactivity).

Fetching PRs for surjeetsinhthakur123/Text-Encryption-And-Decryption-Using-Rsa-Algorithm-and-Caesar-Ciphar-Tool with label SSoC25...
Fetching page of PRs...
Using token ending with ...7HYO
Rate limit: 4985/5000 (resets at 8:01:29 PM)
Retrieved 27 PRs in this page
Total PRs fetched for surjeetsinhthakur123/Text-Encryption-And-Decryption-Using-Rsa-Algorithm-and-Caesar-Ciphar-Tool: 27
Qualifying PR: #7 by Mohamad-Owais in surjeetsinhthakur123/Text-Encryption-And-Decryption-Using-Rsa-Algorithm-and-Caesar-Ciphar-Tool - Intermediate (30 points)
Qualifying PR: #11 by Dipanita45 in surjeetsinhthakur123/Text-Encryption-And-Decryption-Using-Rsa-Algorithm-and-Caesar-Ciphar-Tool - Intermediate (30 points)
Qualifying PR: #12 by Dipanita45 in surjeetsinhthakur123/Text-Encryption-And-Decryption-Using-Rsa-Algorithm-and-Caesar-Ciphar-Tool - Intermediate (30 points)
Qualifying PR: #13 by m1ss-chief in surjeetsinhthakur123/Text-Encryption-And-Decryption-Using-Rsa-Algorithm-and-Caesar-Ciphar-Tool - Advanced (40 points)
Qualifying PR: #15 by m1ss-chief in surjeetsinhthakur123/Text-Encryption-And-Decryption-Using-Rsa-Algorithm-and-Caesar-Ciphar-Tool - Beginner (20 points)
Qualifying PR: #18 by harshraj005 in surjeetsinhthakur123/Text-Encryption-And-Decryption-Using-Rsa-Algorithm-and-Caesar-Ciphar-Tool - Intermediate (30 points)
Qualifying PR: #19 by m1ss-chief in surjeetsinhthakur123/Text-Encryption-And-Decryption-Using-Rsa-Algorithm-and-Caesar-Ciphar-Tool - Beginner (20 points)
Qualifying PR: #21 by Dru-429 in surjeetsinhthakur123/Text-Encryption-And-Decryption-Using-Rsa-Algorithm-and-Caesar-Ciphar-Tool - Intermediate (30 points)
Qualifying PR: #22 by SK8-infi in surjeetsinhthakur123/Text-Encryption-And-Decryption-Using-Rsa-Algorithm-and-Caesar-Ciphar-Tool - Beginner (20 points)
Qualifying PR: #27 by ParthNema13 in surjeetsinhthakur123/Text-Encryption-And-Decryption-Using-Rsa-Algorithm-and-Caesar-Ciphar-Tool - Intermediate (30 points)
Qualifying PR: #28 by ParthNema13 in surjeetsinhthakur123/Text-Encryption-And-Decryption-Using-Rsa-Algorithm-and-Caesar-Ciphar-Tool - Intermediate (30 points)
Qualifying PR: #31 by ParthNema13 in surjeetsinhthakur123/Text-Encryption-And-Decryption-Using-Rsa-Algorithm-and-Caesar-Ciphar-Tool - Intermediate (30 points)
Qualifying PR: #33 by ParthNema13 in surjeetsinhthakur123/Text-Encryption-And-Decryption-Using-Rsa-Algorithm-and-Caesar-Ciphar-Tool - Intermediate (30 points)
Qualifying PR: #35 by harshraj005 in surjeetsinhthakur123/Text-Encryption-And-Decryption-Using-Rsa-Algorithm-and-Caesar-Ciphar-Tool - Advanced (40 points)
Qualifying PR: #36 by m1ss-chief in surjeetsinhthakur123/Text-Encryption-And-Decryption-Using-Rsa-Algorithm-and-Caesar-Ciphar-Tool - Intermediate (30 points)
Qualifying PR: #37 by aryanguptacsvtu in surjeetsinhthakur123/Text-Encryption-And-Decryption-Using-Rsa-Algorithm-and-Caesar-Ciphar-Tool - Beginner (20 points)
Qualifying PR: #42 by m1ss-chief in surjeetsinhthakur123/Text-Encryption-And-Decryption-Using-Rsa-Algorithm-and-Caesar-Ciphar-Tool - Intermediate (30 points)
Qualifying PR: #45 by Apurba-01 in surjeetsinhthakur123/Text-Encryption-And-Decryption-Using-Rsa-Algorithm-and-Caesar-Ciphar-Tool - Intermediate (30 points)
Qualifying PR: #46 by Shoury-Rana in surjeetsinhthakur123/Text-Encryption-And-Decryption-Using-Rsa-Algorithm-and-Caesar-Ciphar-Tool - Intermediate (30 points)
Qualifying PR: #52 by SK8-infi in surjeetsinhthakur123/Text-Encryption-And-Decryption-Using-Rsa-Algorithm-and-Caesar-Ciphar-Tool - Intermediate (30 points)
Qualifying PR: #53 by SK8-infi in surjeetsinhthakur123/Text-Encryption-And-Decryption-Using-Rsa-Algorithm-and-Caesar-Ciphar-Tool - Advanced (40 points)
Qualifying PR: #57 by SK8-infi in surjeetsinhthakur123/Text-Encryption-And-Decryption-Using-Rsa-Algorithm-and-Caesar-Ciphar-Tool - Intermediate (30 points)
Qualifying PR: #59 by RAJVEER42 in surjeetsinhthakur123/Text-Encryption-And-Decryption-Using-Rsa-Algorithm-and-Caesar-Ciphar-Tool - Intermediate (30 points)
Qualifying PR: #60 by SK8-infi in surjeetsinhthakur123/Text-Encryption-And-Decryption-Using-Rsa-Algorithm-and-Caesar-Ciphar-Tool - Intermediate (30 points)
Qualifying PR: #62 by ErebAsh in surjeetsinhthakur123/Text-Encryption-And-Decryption-Using-Rsa-Algorithm-and-Caesar-Ciphar-Tool - Intermediate (30 points)
Qualifying PR: #63 by ErebAsh in surjeetsinhthakur123/Text-Encryption-And-Decryption-Using-Rsa-Algorithm-and-Caesar-Ciphar-Tool - Intermediate (30 points)

Skipping shuvadeepmondal/HacKerZGuiDe (removed from the list due to inactivity).

Skipping Vivek09Chahal/Medic-Search (removed from the list due to inactivity).

Skipping kashikaga/FinTrak (removed from the list due to inactivity).

Fetching PRs for HarshS16/Civix with label SSoC25...
Fetching page of PRs...
Using token ending with ...ix2X
Rate limit: 4984/5000 (resets at 8:01:28 PM)
Retrieved 100 PRs in this page
Fetching page of PRs with cursor...
Using token ending with ...7HYO
Rate limit: 4984/5000 (resets at 8:01:29 PM)
Retrieved 100 PRs in this page
Fetching page of PRs with cursor...
Using token ending with ...ix2X
Rate limit: 4983/5000 (resets at 8:01:28 PM)
Retrieved 1 PRs in this page
Total PRs fetched for HarshS16/Civix: 201
Qualifying PR: #41 by mukul-sharma-tech in HarshS16/Civix - Beginner (20 points)
Qualifying PR: #44 by TanmayKalra09 in HarshS16/Civix - Advanced (40 points)
Qualifying PR: #46 by SK8-infi in HarshS16/Civix - Beginner (20 points)
Qualifying PR: #58 by aliviahossain in HarshS16/Civix - Beginner (20 points)
Qualifying PR: #63 by nupurmadaan04 in HarshS16/Civix - Beginner (20 points)
Qualifying PR: #65 by ItsMeAnanyaSrivastava in HarshS16/Civix - Beginner (20 points)
Qualifying PR: #69 by Dipanita45 in HarshS16/Civix - Beginner (20 points)
Qualifying PR: #73 by piyushdhoka in HarshS16/Civix - Beginner (20 points)
Qualifying PR: #77 by manavi-24 in HarshS16/Civix - Beginner (20 points)
Qualifying PR: #78 by Samiksha-bajoria in HarshS16/Civix - Beginner (20 points)
Qualifying PR: #80 by TanmayKalra09 in HarshS16/Civix - Intermediate (30 points)
Qualifying PR: #81 by niharika-mente in HarshS16/Civix - Beginner (20 points)
Qualifying PR: #85 by Bavanetha27 in HarshS16/Civix - Advanced (40 points)
Qualifying PR: #86 by ZarrarPeshimam in HarshS16/Civix - Beginner (20 points)
Qualifying PR: #90 by Vrushti-kulkarni in HarshS16/Civix - Beginner (20 points)
Qualifying PR: #93 by DeadpoolX7 in HarshS16/Civix - Beginner (20 points)
Qualifying PR: #104 by GopalDwivedii in HarshS16/Civix - Intermediate (30 points)
Qualifying PR: #115 by koushikreddybachu in HarshS16/Civix - Beginner (20 points)
Qualifying PR: #116 by architasaha21 in HarshS16/Civix - Beginner (20 points)
Qualifying PR: #119 by architasaha21 in HarshS16/Civix - Intermediate (30 points)
Qualifying PR: #122 by vivekd16 in HarshS16/Civix - Beginner (20 points)
Qualifying PR: #123 by vivekd16 in HarshS16/Civix - Beginner (20 points)
Qualifying PR: #131 by Ankush-ai in HarshS16/Civix - Advanced (40 points)
Qualifying PR: #138 by sushmithashettigar29 in HarshS16/Civix - Beginner (20 points)
Qualifying PR: #140 by HimanshuKabra01 in HarshS16/Civix - Beginner (20 points)
Qualifying PR: #144 by code-well0 in HarshS16/Civix - Beginner (20 points)
Qualifying PR: #147 by GopalDwivedii in HarshS16/Civix - Intermediate (30 points)
Qualifying PR: #148 by Bavanetha27 in HarshS16/Civix - Advanced (40 points)
Qualifying PR: #150 by AbhinaySngh in HarshS16/Civix - Beginner (20 points)
Qualifying PR: #152 by Priyakatariya in HarshS16/Civix - Beginner (20 points)
Qualifying PR: #157 by Bhaanavee in HarshS16/Civix - Beginner (20 points)
Qualifying PR: #159 by TanmayKalra09 in HarshS16/Civix - Intermediate (30 points)
Qualifying PR: #161 by TanmayKalra09 in HarshS16/Civix - Beginner (20 points)
Qualifying PR: #168 by vishnukothakapu in HarshS16/Civix - Intermediate (30 points)
Qualifying PR: #178 by psp2535 in HarshS16/Civix - Beginner (20 points)
Qualifying PR: #180 by Bavanetha27 in HarshS16/Civix - Intermediate (30 points)
Qualifying PR: #183 by AnishSambhwani8278 in HarshS16/Civix - Beginner (20 points)
Qualifying PR: #184 by arthavjain103 in HarshS16/Civix - Beginner (20 points)
Qualifying PR: #185 by GopalDwivedii in HarshS16/Civix - Advanced (40 points)
Qualifying PR: #186 by ayushjava07 in HarshS16/Civix - Advanced (40 points)
Qualifying PR: #190 by MaulikGupta27 in HarshS16/Civix - Beginner (20 points)
Qualifying PR: #195 by HimanshuKabra01 in HarshS16/Civix - Beginner (20 points)
Qualifying PR: #196 by Shivu384 in HarshS16/Civix - Beginner (20 points)
Qualifying PR: #199 by Ankush-ai in HarshS16/Civix - Advanced (40 points)
Qualifying PR: #205 by Bavanetha27 in HarshS16/Civix - Advanced (40 points)
Qualifying PR: #206 by Harshi-max in HarshS16/Civix - Advanced (40 points)
Qualifying PR: #215 by MaulikGupta27 in HarshS16/Civix - Beginner (20 points)
Qualifying PR: #217 by aerinpatel in HarshS16/Civix - Intermediate (30 points)
Qualifying PR: #220 by Ankush-ai in HarshS16/Civix - Advanced (40 points)
Qualifying PR: #222 by MaulikGupta27 in HarshS16/Civix - Beginner (20 points)
Qualifying PR: #223 by Jashneer in HarshS16/Civix - Advanced (40 points)
Qualifying PR: #224 by GxAditya in HarshS16/Civix - Beginner (20 points)
Qualifying PR: #227 by MaulikGupta27 in HarshS16/Civix - Beginner (20 points)
Qualifying PR: #230 by MaulikGupta27 in HarshS16/Civix - Intermediate (30 points)
Qualifying PR: #233 by Jashneer in HarshS16/Civix - Advanced (40 points)
Qualifying PR: #234 by MaulikGupta27 in HarshS16/Civix - Beginner (20 points)
Qualifying PR: #236 by HimanshuKabra01 in HarshS16/Civix - Intermediate (30 points)
Qualifying PR: #238 by architasaha21 in HarshS16/Civix - Beginner (20 points)
Qualifying PR: #244 by Dipanita45 in HarshS16/Civix - Intermediate (30 points)
Qualifying PR: #245 by Suhaniisingh05 in HarshS16/Civix - Beginner (20 points)
Qualifying PR: #248 by Dipanita45 in HarshS16/Civix - Intermediate (30 points)
Qualifying PR: #252 by Verma-MK in HarshS16/Civix - Beginner (20 points)
Qualifying PR: #255 by Verma-MK in HarshS16/Civix - Beginner (20 points)
Qualifying PR: #258 by Ankush-ai in HarshS16/Civix - Advanced (40 points)
Qualifying PR: #260 by Ankush-ai in HarshS16/Civix - Beginner (20 points)
Qualifying PR: #261 by Bhaanavee in HarshS16/Civix - Advanced (40 points)
Qualifying PR: #262 by dinesh-2047 in HarshS16/Civix - Intermediate (30 points)
Qualifying PR: #263 by Verma-MK in HarshS16/Civix - Beginner (20 points)
Qualifying PR: #266 by MaulikGupta27 in HarshS16/Civix - Beginner (20 points)
Qualifying PR: #268 by Verma-MK in HarshS16/Civix - Beginner (20 points)
Qualifying PR: #270 by Verma-MK in HarshS16/Civix - Advanced (40 points)
Qualifying PR: #275 by HimanshuKabra01 in HarshS16/Civix - Intermediate (30 points)
Qualifying PR: #276 by Shivu384 in HarshS16/Civix - Advanced (40 points)
Qualifying PR: #301 by Verma-MK in HarshS16/Civix - Intermediate (30 points)
Qualifying PR: #345 by MaulikGupta27 in HarshS16/Civix - Beginner (20 points)
Qualifying PR: #354 by TanmayKalra09 in HarshS16/Civix - Intermediate (30 points)
Qualifying PR: #357 by vivekd16 in HarshS16/Civix - Beginner (20 points)
Qualifying PR: #358 by vivekd16 in HarshS16/Civix - Beginner (20 points)
Qualifying PR: #366 by Verma-MK in HarshS16/Civix - Beginner (20 points)
Qualifying PR: #369 by michael-0007a in HarshS16/Civix - Advanced (40 points)
Qualifying PR: #371 by michael-0007a in HarshS16/Civix - Beginner (20 points)
Qualifying PR: #372 by arthavjain103 in HarshS16/Civix - Beginner (20 points)
Qualifying PR: #378 by michael-0007a in HarshS16/Civix - Beginner (20 points)
Qualifying PR: #382 by michael-0007a in HarshS16/Civix - Beginner (20 points)
Qualifying PR: #385 by arthavjain103 in HarshS16/Civix - Beginner (20 points)
Qualifying PR: #387 by TanmayKalra09 in HarshS16/Civix - Intermediate (30 points)
Qualifying PR: #391 by Ankush-ai in HarshS16/Civix - Advanced (40 points)
Qualifying PR: #394 by TanmayKalra09 in HarshS16/Civix - Intermediate (30 points)
Qualifying PR: #395 by Verma-MK in HarshS16/Civix - Beginner (20 points)
Qualifying PR: #398 by michael-0007a in HarshS16/Civix - Advanced (40 points)
Qualifying PR: #404 by Verma-MK in HarshS16/Civix - Beginner (20 points)
Qualifying PR: #409 by TanmayKalra09 in HarshS16/Civix - Advanced (40 points)
Qualifying PR: #411 by TanmayKalra09 in HarshS16/Civix - Advanced (40 points)
Qualifying PR: #414 by TanmayKalra09 in HarshS16/Civix - Advanced (40 points)
Qualifying PR: #418 by TanmayKalra09 in HarshS16/Civix - Advanced (40 points)
Qualifying PR: #422 by TanmayKalra09 in HarshS16/Civix - Advanced (40 points)
Qualifying PR: #428 by dishaagrawalcodes in HarshS16/Civix - Intermediate (30 points)
Qualifying PR: #429 by TanmayKalra09 in HarshS16/Civix - Advanced (40 points)
Qualifying PR: #430 by TanmayKalra09 in HarshS16/Civix - Advanced (40 points)
Qualifying PR: #432 by TanmayKalra09 in HarshS16/Civix - Advanced (40 points)
Qualifying PR: #434 by TanmayKalra09 in HarshS16/Civix - Advanced (40 points)
Qualifying PR: #438 by TanmayKalra09 in HarshS16/Civix - Advanced (40 points)
Qualifying PR: #440 by TanmayKalra09 in HarshS16/Civix - Advanced (40 points)
Qualifying PR: #441 by michael-0007a in HarshS16/Civix - Beginner (20 points)
Qualifying PR: #444 by michael-0007a in HarshS16/Civix - Beginner (20 points)
Qualifying PR: #446 by arthavjain103 in HarshS16/Civix - Beginner (20 points)
Qualifying PR: #447 by TanmayKalra09 in HarshS16/Civix - Advanced (40 points)
Qualifying PR: #454 by TanmayKalra09 in HarshS16/Civix - Advanced (40 points)
Qualifying PR: #456 by Bavanetha27 in HarshS16/Civix - Intermediate (30 points)
Qualifying PR: #457 by michael-0007a in HarshS16/Civix - Advanced (40 points)
Qualifying PR: #460 by dishaagrawalcodes in HarshS16/Civix - Intermediate (30 points)
Qualifying PR: #461 by dishaagrawalcodes in HarshS16/Civix - Beginner (20 points)
Qualifying PR: #462 by dishaagrawalcodes in HarshS16/Civix - Intermediate (30 points)
Qualifying PR: #464 by TanmayKalra09 in HarshS16/Civix - Advanced (40 points)
Qualifying PR: #466 by Bavanetha27 in HarshS16/Civix - Beginner (20 points)
Qualifying PR: #467 by michael-0007a in HarshS16/Civix - Advanced (40 points)
Qualifying PR: #468 by TanmayKalra09 in HarshS16/Civix - Advanced (40 points)
Qualifying PR: #475 by Bavanetha27 in HarshS16/Civix - Beginner (20 points)
Qualifying PR: #477 by TanmayKalra09 in HarshS16/Civix - Advanced (40 points)
Qualifying PR: #479 by dinesh-2047 in HarshS16/Civix - Beginner (20 points)
Qualifying PR: #480 by TanmayKalra09 in HarshS16/Civix - Advanced (40 points)
Qualifying PR: #485 by TanmayKalra09 in HarshS16/Civix - Intermediate (30 points)
Qualifying PR: #487 by arthavjain103 in HarshS16/Civix - Beginner (20 points)
Qualifying PR: #491 by MaulikGupta27 in HarshS16/Civix - Beginner (20 points)
Qualifying PR: #492 by MaulikGupta27 in HarshS16/Civix - Beginner (20 points)
Qualifying PR: #495 by TanmayKalra09 in HarshS16/Civix - Advanced (40 points)
Qualifying PR: #497 by TanmayKalra09 in HarshS16/Civix - Intermediate (30 points)
Qualifying PR: #499 by TanmayKalra09 in HarshS16/Civix - Advanced (40 points)
Qualifying PR: #500 by MaulikGupta27 in HarshS16/Civix - Intermediate (30 points)
Qualifying PR: #508 by MaulikGupta27 in HarshS16/Civix - Beginner (20 points)
Qualifying PR: #511 by TanmayKalra09 in HarshS16/Civix - Advanced (40 points)
Qualifying PR: #517 by TanmayKalra09 in HarshS16/Civix - Advanced (40 points)
Qualifying PR: #522 by TanmayKalra09 in HarshS16/Civix - Advanced (40 points)
Qualifying PR: #524 by TanmayKalra09 in HarshS16/Civix - Intermediate (30 points)
Qualifying PR: #530 by TanmayKalra09 in HarshS16/Civix - Intermediate (30 points)
Qualifying PR: #533 by TanmayKalra09 in HarshS16/Civix - Advanced (40 points)
Qualifying PR: #540 by Bavanetha27 in HarshS16/Civix - Advanced (40 points)
Qualifying PR: #542 by TanmayKalra09 in HarshS16/Civix - Intermediate (30 points)
Qualifying PR: #543 by TanmayKalra09 in HarshS16/Civix - Advanced (40 points)
Qualifying PR: #544 by Bavanetha27 in HarshS16/Civix - Beginner (20 points)
Qualifying PR: #548 by TanmayKalra09 in HarshS16/Civix - Advanced (40 points)
Qualifying PR: #549 by TanmayKalra09 in HarshS16/Civix - Intermediate (30 points)
Qualifying PR: #556 by MaulikGupta27 in HarshS16/Civix - Intermediate (30 points)
Qualifying PR: #558 by MaulikGupta27 in HarshS16/Civix - Intermediate (30 points)
Qualifying PR: #562 by TanmayKalra09 in HarshS16/Civix - Advanced (40 points)
Qualifying PR: #565 by TanmayKalra09 in HarshS16/Civix - Advanced (40 points)
Qualifying PR: #567 by TanmayKalra09 in HarshS16/Civix - Advanced (40 points)
Qualifying PR: #573 by TanmayKalra09 in HarshS16/Civix - Advanced (40 points)
Qualifying PR: #575 by Bavanetha27 in HarshS16/Civix - Advanced (40 points)
Qualifying PR: #577 by TanmayKalra09 in HarshS16/Civix - Intermediate (30 points)
Qualifying PR: #581 by TanmayKalra09 in HarshS16/Civix - Intermediate (30 points)
Qualifying PR: #587 by TanmayKalra09 in HarshS16/Civix - Intermediate (30 points)
Qualifying PR: #588 by TanmayKalra09 in HarshS16/Civix - Intermediate (30 points)
Qualifying PR: #589 by TanmayKalra09 in HarshS16/Civix - Intermediate (30 points)
Qualifying PR: #590 by TanmayKalra09 in HarshS16/Civix - Advanced (40 points)
Qualifying PR: #591 by TanmayKalra09 in HarshS16/Civix - Advanced (40 points)
Qualifying PR: #592 by Suhaniisingh05 in HarshS16/Civix - Beginner (20 points)
Qualifying PR: #596 by TanmayKalra09 in HarshS16/Civix - Advanced (40 points)
Qualifying PR: #598 by Bavanetha27 in HarshS16/Civix - Intermediate (30 points)
Qualifying PR: #602 by TanmayKalra09 in HarshS16/Civix - Intermediate (30 points)
Qualifying PR: #603 by TanmayKalra09 in HarshS16/Civix - Advanced (40 points)
Qualifying PR: #608 by TanmayKalra09 in HarshS16/Civix - Advanced (40 points)
Qualifying PR: #612 by TanmayKalra09 in HarshS16/Civix - Intermediate (30 points)
Qualifying PR: #613 by TanmayKalra09 in HarshS16/Civix - Intermediate (30 points)
Qualifying PR: #614 by TanmayKalra09 in HarshS16/Civix - Intermediate (30 points)
Qualifying PR: #622 by Suhaniisingh05 in HarshS16/Civix - Beginner (20 points)
Qualifying PR: #623 by TanmayKalra09 in HarshS16/Civix - Intermediate (30 points)
Qualifying PR: #625 by TanmayKalra09 in HarshS16/Civix - Advanced (40 points)
Qualifying PR: #626 by TanmayKalra09 in HarshS16/Civix - Intermediate (30 points)
Qualifying PR: #627 by TanmayKalra09 in HarshS16/Civix - Advanced (40 points)
Qualifying PR: #628 by TanmayKalra09 in HarshS16/Civix - Intermediate (30 points)
Qualifying PR: #632 by dishaagrawalcodes in HarshS16/Civix - Intermediate (30 points)
Qualifying PR: #635 by TanmayKalra09 in HarshS16/Civix - Advanced (40 points)
Qualifying PR: #637 by dishaagrawalcodes in HarshS16/Civix - Advanced (40 points)
Qualifying PR: #638 by TanmayKalra09 in HarshS16/Civix - Advanced (40 points)
Qualifying PR: #640 by TanmayKalra09 in HarshS16/Civix - Advanced (40 points)
Qualifying PR: #643 by TanmayKalra09 in HarshS16/Civix - Advanced (40 points)
Qualifying PR: #646 by TanmayKalra09 in HarshS16/Civix - Advanced (40 points)
Qualifying PR: #649 by dishaagrawalcodes in HarshS16/Civix - Beginner (20 points)
Qualifying PR: #655 by dishaagrawalcodes in HarshS16/Civix - Advanced (40 points)
Qualifying PR: #658 by dishaagrawalcodes in HarshS16/Civix - Advanced (40 points)
Qualifying PR: #659 by dishaagrawalcodes in HarshS16/Civix - Intermediate (30 points)
Qualifying PR: #664 by dishaagrawalcodes in HarshS16/Civix - Advanced (40 points)
Qualifying PR: #665 by dishaagrawalcodes in HarshS16/Civix - Intermediate (30 points)
Qualifying PR: #666 by dishaagrawalcodes in HarshS16/Civix - Intermediate (30 points)
Qualifying PR: #667 by dishaagrawalcodes in HarshS16/Civix - Intermediate (30 points)
Qualifying PR: #668 by dishaagrawalcodes in HarshS16/Civix - Beginner (20 points)
Qualifying PR: #669 by arthavjain103 in HarshS16/Civix - Beginner (20 points)
Qualifying PR: #670 by TanmayKalra09 in HarshS16/Civix - Advanced (40 points)
Qualifying PR: #675 by dishaagrawalcodes in HarshS16/Civix - Intermediate (30 points)
Qualifying PR: #678 by dishaagrawalcodes in HarshS16/Civix - Advanced (40 points)

Fetching PRs for Kirti-Rathi/PromptShell with label SSoC25...
Fetching page of PRs...
Using token ending with ...7HYO
Rate limit: 4983/5000 (resets at 8:01:29 PM)
Retrieved 18 PRs in this page
Total PRs fetched for Kirti-Rathi/PromptShell: 18
Qualifying PR: #21 by GauravKarakoti in Kirti-Rathi/PromptShell - Advanced (40 points)
Qualifying PR: #23 by aryanguptacsvtu in Kirti-Rathi/PromptShell - Beginner (20 points)
Qualifying PR: #27 by vivekd16 in Kirti-Rathi/PromptShell - Intermediate (30 points)
Qualifying PR: #28 by vivekd16 in Kirti-Rathi/PromptShell - Beginner (20 points)
Qualifying PR: #30 by RAJVEER42 in Kirti-Rathi/PromptShell - Beginner (20 points)
Qualifying PR: #31 by pkbros in Kirti-Rathi/PromptShell - Intermediate (30 points)
Qualifying PR: #38 by jaylm10 in Kirti-Rathi/PromptShell - Beginner (20 points)
Qualifying PR: #41 by Dipanita45 in Kirti-Rathi/PromptShell - Beginner (20 points)
Qualifying PR: #44 by Shoury-Rana in Kirti-Rathi/PromptShell - Intermediate (30 points)
Qualifying PR: #51 by Shoury-Rana in Kirti-Rathi/PromptShell - Beginner (20 points)
Qualifying PR: #56 by Shoury-Rana in Kirti-Rathi/PromptShell - Advanced (40 points)
Qualifying PR: #58 by piyushdhoka in Kirti-Rathi/PromptShell - Advanced (40 points)
Qualifying PR: #61 by GauravKarakoti in Kirti-Rathi/PromptShell - Intermediate (30 points)
Qualifying PR: #63 by RAJVEER42 in Kirti-Rathi/PromptShell - Intermediate (30 points)
Qualifying PR: #66 by Anujanthwal-dotcom in Kirti-Rathi/PromptShell - Intermediate (30 points)
Qualifying PR: #68 by Shoury-Rana in Kirti-Rathi/PromptShell - Advanced (40 points)
Qualifying PR: #73 by pkbros in Kirti-Rathi/PromptShell - Advanced (40 points)
Qualifying PR: #82 by Shoury-Rana in Kirti-Rathi/PromptShell - Advanced (40 points)

Skipping GauravKarakoti/Weather-API (removed from the list due to inactivity).

Skipping ashish-um/reddiculous (removed from the list due to inactivity).

Skipping rudralpha10/Coolsphere (removed from the list due to inactivity).

Fetching PRs for Bhavya1352/eventmappr with label SSoC25...
Fetching page of PRs...
Using token ending with ...ix2X
Rate limit: 4982/5000 (resets at 8:01:28 PM)
Retrieved 100 PRs in this page
Fetching page of PRs with cursor...
Using token ending with ...7HYO
Rate limit: 4982/5000 (resets at 8:01:29 PM)
Retrieved 5 PRs in this page
Total PRs fetched for Bhavya1352/eventmappr: 105
Qualifying PR: #6 by TanmayKalra09 in Bhavya1352/eventmappr - Beginner (20 points)
Qualifying PR: #12 by pari3654 in Bhavya1352/eventmappr - Beginner (20 points)
Qualifying PR: #16 by aryanguptacsvtu in Bhavya1352/eventmappr - Beginner (20 points)
Qualifying PR: #31 by SK8-infi in Bhavya1352/eventmappr - Beginner (20 points)
Qualifying PR: #33 by Siri-026 in Bhavya1352/eventmappr - Beginner (20 points)
Qualifying PR: #37 by ayushjava07 in Bhavya1352/eventmappr - Beginner (20 points)
Qualifying PR: #42 by Joystonm in Bhavya1352/eventmappr - Intermediate (30 points)
Qualifying PR: #43 by Joystonm in Bhavya1352/eventmappr - Intermediate (30 points)
Qualifying PR: #47 by aryanguptacsvtu in Bhavya1352/eventmappr - Beginner (20 points)
Qualifying PR: #51 by Dipanita45 in Bhavya1352/eventmappr - Beginner (20 points)
Qualifying PR: #52 by ZarrarPeshimam in Bhavya1352/eventmappr - Intermediate (30 points)
Qualifying PR: #55 by arthavjain103 in Bhavya1352/eventmappr - Beginner (20 points)
Qualifying PR: #58 by JAYATIAHUJA in Bhavya1352/eventmappr - Intermediate (30 points)
Qualifying PR: #67 by Jidnyasa-P in Bhavya1352/eventmappr - Advanced (40 points)
Qualifying PR: #68 by Joystonm in Bhavya1352/eventmappr - Beginner (20 points)
Qualifying PR: #73 by Ronnit44 in Bhavya1352/eventmappr - Beginner (20 points)
Qualifying PR: #74 by ttiwari13 in Bhavya1352/eventmappr - Intermediate (30 points)
Qualifying PR: #78 by shanmukhchodagam in Bhavya1352/eventmappr - Intermediate (30 points)
Qualifying PR: #81 by Jashneer in Bhavya1352/eventmappr - Beginner (20 points)
Qualifying PR: #83 by shreyamittal10 in Bhavya1352/eventmappr - Intermediate (30 points)
Qualifying PR: #84 by Ronnit44 in Bhavya1352/eventmappr - Intermediate (30 points)
Qualifying PR: #90 by anvita-09 in Bhavya1352/eventmappr - Beginner (20 points)
Qualifying PR: #91 by arpitsehal in Bhavya1352/eventmappr - Intermediate (30 points)
Qualifying PR: #94 by harshraj005 in Bhavya1352/eventmappr - Intermediate (30 points)
Qualifying PR: #95 by SHreyanSH-0 in Bhavya1352/eventmappr - Beginner (20 points)
Qualifying PR: #105 by SHreyanSH-0 in Bhavya1352/eventmappr - Beginner (20 points)
Qualifying PR: #108 by aryarathoree in Bhavya1352/eventmappr - Advanced (40 points)
Qualifying PR: #111 by bwbeas in Bhavya1352/eventmappr - Beginner (20 points)
Qualifying PR: #113 by Ronnit44 in Bhavya1352/eventmappr - Beginner (20 points)
Qualifying PR: #115 by Jashneer in Bhavya1352/eventmappr - Intermediate (30 points)
Qualifying PR: #121 by Ronnit44 in Bhavya1352/eventmappr - Beginner (20 points)
Qualifying PR: #126 by Jashneer in Bhavya1352/eventmappr - Intermediate (30 points)
Qualifying PR: #127 by anvita-09 in Bhavya1352/eventmappr - Beginner (20 points)
Qualifying PR: #130 by HimanshuKabra01 in Bhavya1352/eventmappr - Beginner (20 points)
Qualifying PR: #132 by Ronnit44 in Bhavya1352/eventmappr - Beginner (20 points)
Qualifying PR: #139 by Jashneer in Bhavya1352/eventmappr - Intermediate (30 points)
Qualifying PR: #143 by Soumyosish in Bhavya1352/eventmappr - Beginner (20 points)
Qualifying PR: #144 by aryarathoree in Bhavya1352/eventmappr - Beginner (20 points)
Qualifying PR: #154 by Soumyosish in Bhavya1352/eventmappr - Beginner (20 points)
Qualifying PR: #155 by Ronnit44 in Bhavya1352/eventmappr - Intermediate (30 points)
Qualifying PR: #158 by SHreyanSH-0 in Bhavya1352/eventmappr - Beginner (20 points)
Qualifying PR: #159 by Verma-MK in Bhavya1352/eventmappr - Intermediate (30 points)
Qualifying PR: #165 by Dipanita45 in Bhavya1352/eventmappr - Advanced (40 points)
Qualifying PR: #171 by Soumyosish in Bhavya1352/eventmappr - Beginner (20 points)
Qualifying PR: #172 by SHreyanSH-0 in Bhavya1352/eventmappr - Beginner (20 points)
Qualifying PR: #173 by ravneet27062004 in Bhavya1352/eventmappr - Beginner (20 points)
Qualifying PR: #176 by arthavjain103 in Bhavya1352/eventmappr - Intermediate (30 points)
Qualifying PR: #177 by Soumyosish in Bhavya1352/eventmappr - Beginner (20 points)
Qualifying PR: #178 by HimanshuKabra01 in Bhavya1352/eventmappr - Beginner (20 points)
Qualifying PR: #180 by Ronnit44 in Bhavya1352/eventmappr - Beginner (20 points)
Qualifying PR: #182 by AkshithaReddy005 in Bhavya1352/eventmappr - Advanced (40 points)
Qualifying PR: #186 by TanmayKalra09 in Bhavya1352/eventmappr - Advanced (40 points)
Qualifying PR: #188 by imBharathkumarp in Bhavya1352/eventmappr - Beginner (20 points)
Qualifying PR: #192 by Ronnit44 in Bhavya1352/eventmappr - Beginner (20 points)
Qualifying PR: #193 by ravneet27062004 in Bhavya1352/eventmappr - Intermediate (30 points)
Qualifying PR: #194 by AkshithaReddy005 in Bhavya1352/eventmappr - Advanced (40 points)
Qualifying PR: #196 by Verma-MK in Bhavya1352/eventmappr - Beginner (20 points)
Qualifying PR: #198 by AkshithaReddy005 in Bhavya1352/eventmappr - Intermediate (30 points)
Qualifying PR: #204 by AkshithaReddy005 in Bhavya1352/eventmappr - Beginner (20 points)
Qualifying PR: #205 by AkshithaReddy005 in Bhavya1352/eventmappr - Advanced (40 points)
Qualifying PR: #208 by AkshithaReddy005 in Bhavya1352/eventmappr - Advanced (40 points)
Qualifying PR: #209 by Ronnit44 in Bhavya1352/eventmappr - Beginner (20 points)
Qualifying PR: #210 by AkshithaReddy005 in Bhavya1352/eventmappr - Intermediate (30 points)
Qualifying PR: #212 by Ronnit44 in Bhavya1352/eventmappr - Beginner (20 points)
Qualifying PR: #213 by AkshithaReddy005 in Bhavya1352/eventmappr - Intermediate (30 points)
Qualifying PR: #218 by AkshithaReddy005 in Bhavya1352/eventmappr - Intermediate (30 points)
Qualifying PR: #219 by AkshithaReddy005 in Bhavya1352/eventmappr - Intermediate (30 points)
Qualifying PR: #221 by Ronnit44 in Bhavya1352/eventmappr - Beginner (20 points)
Qualifying PR: #226 by AkshithaReddy005 in Bhavya1352/eventmappr - Intermediate (30 points)
Qualifying PR: #227 by AkshithaReddy005 in Bhavya1352/eventmappr - Advanced (40 points)
Qualifying PR: #229 by ravneet27062004 in Bhavya1352/eventmappr - Beginner (20 points)
Qualifying PR: #230 by ravneet27062004 in Bhavya1352/eventmappr - Beginner (20 points)
Qualifying PR: #231 by ravneet27062004 in Bhavya1352/eventmappr - Beginner (20 points)
Qualifying PR: #258 by ravneet27062004 in Bhavya1352/eventmappr - Beginner (20 points)
Qualifying PR: #298 by ravneet27062004 in Bhavya1352/eventmappr - Intermediate (30 points)
Qualifying PR: #312 by ravneet27062004 in Bhavya1352/eventmappr - Beginner (20 points)
Qualifying PR: #327 by GauravKarakoti in Bhavya1352/eventmappr - Advanced (40 points)
Qualifying PR: #328 by TanmayKalra09 in Bhavya1352/eventmappr - Advanced (40 points)
Qualifying PR: #333 by TanmayKalra09 in Bhavya1352/eventmappr - Advanced (40 points)
Qualifying PR: #337 by dinesh-2047 in Bhavya1352/eventmappr - Advanced (40 points)
Qualifying PR: #341 by dishaagrawalcodes in Bhavya1352/eventmappr - Intermediate (30 points)
Qualifying PR: #346 by TanmayKalra09 in Bhavya1352/eventmappr - Advanced (40 points)
Qualifying PR: #350 by dishaagrawalcodes in Bhavya1352/eventmappr - Beginner (20 points)
Qualifying PR: #351 by ravneet27062004 in Bhavya1352/eventmappr - Intermediate (30 points)
Qualifying PR: #356 by TanmayKalra09 in Bhavya1352/eventmappr - Advanced (40 points)
Qualifying PR: #370 by TanmayKalra09 in Bhavya1352/eventmappr - Intermediate (30 points)
Qualifying PR: #373 by ravneet27062004 in Bhavya1352/eventmappr - Beginner (20 points)
Qualifying PR: #390 by dinesh-2047 in Bhavya1352/eventmappr - Advanced (40 points)
Qualifying PR: #394 by Soumyosish in Bhavya1352/eventmappr - Intermediate (30 points)
Qualifying PR: #395 by Ronnit44 in Bhavya1352/eventmappr - Beginner (20 points)
Qualifying PR: #399 by ravneet27062004 in Bhavya1352/eventmappr - Beginner (20 points)
Qualifying PR: #414 by dinesh-2047 in Bhavya1352/eventmappr - Advanced (40 points)
Qualifying PR: #415 by ravneet27062004 in Bhavya1352/eventmappr - Beginner (20 points)
Qualifying PR: #426 by dishaagrawalcodes in Bhavya1352/eventmappr - Advanced (40 points)
Qualifying PR: #428 by dishaagrawalcodes in Bhavya1352/eventmappr - Intermediate (30 points)
Qualifying PR: #430 by dishaagrawalcodes in Bhavya1352/eventmappr - Beginner (20 points)
Qualifying PR: #435 by dishaagrawalcodes in Bhavya1352/eventmappr - Beginner (20 points)

Skipping Rakesh9100/Beautiify (removed from the list due to inactivity).

Skipping Rakesh9100/CalcDiverse (removed from the list due to inactivity).

Skipping Rakesh9100/Eventica (removed from the list due to inactivity).

Skipping thishika-k/IQTOPIA-NEW (removed from the list due to inactivity).

Fetching PRs for Prateek9876/NagarVikas with label SSoC25...
Fetching page of PRs...
Using token ending with ...ix2X
Rate limit: 4981/5000 (resets at 8:01:28 PM)
Retrieved 53 PRs in this page
Total PRs fetched for Prateek9876/NagarVikas: 53
Qualifying PR: #21 by aryanguptacsvtu in Prateek9876/NagarVikas - Beginner (20 points)
Qualifying PR: #22 by RAJVEER42 in Prateek9876/NagarVikas - Beginner (20 points)
Qualifying PR: #24 by shrutisachan08 in Prateek9876/NagarVikas - Beginner (20 points)
Qualifying PR: #25 by IamPritamAcharya in Prateek9876/NagarVikas - Intermediate (30 points)
Qualifying PR: #26 by jyotsna030 in Prateek9876/NagarVikas - Intermediate (30 points)
Qualifying PR: #27 by imBharathkumarp in Prateek9876/NagarVikas - Beginner (20 points)
Qualifying PR: #31 by SK8-infi in Prateek9876/NagarVikas - Beginner (20 points)
Qualifying PR: #32 by Gargibajpai in Prateek9876/NagarVikas - Beginner (20 points)
Qualifying PR: #33 by denshaw-09 in Prateek9876/NagarVikas - Beginner (20 points)
Qualifying PR: #34 by Samiksha-bajoria in Prateek9876/NagarVikas - Beginner (20 points)
Qualifying PR: #36 by imBharathkumarp in Prateek9876/NagarVikas - Beginner (20 points)
Qualifying PR: #45 by imBharathkumarp in Prateek9876/NagarVikas - Beginner (20 points)
Qualifying PR: #52 by pahimauchil in Prateek9876/NagarVikas - Intermediate (30 points)
Qualifying PR: #54 by pahimauchil in Prateek9876/NagarVikas - Intermediate (30 points)
Qualifying PR: #56 by VJLIVE in Prateek9876/NagarVikas - Intermediate (30 points)
Qualifying PR: #65 by IamPritamAcharya in Prateek9876/NagarVikas - Advanced (40 points)
Qualifying PR: #66 by jyotsna030 in Prateek9876/NagarVikas - Intermediate (30 points)
Qualifying PR: #68 by Aaryandhage in Prateek9876/NagarVikas - Advanced (40 points)
Qualifying PR: #70 by pahimauchil in Prateek9876/NagarVikas - Intermediate (30 points)
Qualifying PR: #71 by piyushdhoka in Prateek9876/NagarVikas - Intermediate (30 points)
Qualifying PR: #72 by Aaryandhage in Prateek9876/NagarVikas - Beginner (20 points)
Qualifying PR: #73 by VJLIVE in Prateek9876/NagarVikas - Advanced (40 points)
Qualifying PR: #76 by IamPritamAcharya in Prateek9876/NagarVikas - Advanced (40 points)
Qualifying PR: #77 by VJLIVE in Prateek9876/NagarVikas - Intermediate (30 points)
Qualifying PR: #78 by VJLIVE in Prateek9876/NagarVikas - Intermediate (30 points)
Qualifying PR: #79 by VJLIVE in Prateek9876/NagarVikas - Advanced (40 points)
Qualifying PR: #81 by VJLIVE in Prateek9876/NagarVikas - Intermediate (30 points)
Qualifying PR: #83 by VJLIVE in Prateek9876/NagarVikas - Intermediate (30 points)
Qualifying PR: #87 by VJLIVE in Prateek9876/NagarVikas - Intermediate (30 points)
Qualifying PR: #91 by piyushdhoka in Prateek9876/NagarVikas - Advanced (40 points)
Qualifying PR: #92 by VJLIVE in Prateek9876/NagarVikas - Intermediate (30 points)
Qualifying PR: #93 by pooja1932 in Prateek9876/NagarVikas - Advanced (40 points)
Qualifying PR: #95 by VJLIVE in Prateek9876/NagarVikas - Advanced (40 points)
Qualifying PR: #97 by VJLIVE in Prateek9876/NagarVikas - Intermediate (30 points)
Qualifying PR: #100 by IamPritamAcharya in Prateek9876/NagarVikas - Advanced (40 points)
Qualifying PR: #103 by GxAditya in Prateek9876/NagarVikas - Advanced (40 points)
Qualifying PR: #104 by VJLIVE in Prateek9876/NagarVikas - Intermediate (30 points)
Qualifying PR: #107 by pooja1932 in Prateek9876/NagarVikas - Advanced (40 points)
Qualifying PR: #108 by IamPritamAcharya in Prateek9876/NagarVikas - Intermediate (30 points)
Qualifying PR: #110 by pooja1932 in Prateek9876/NagarVikas - Advanced (40 points)
Qualifying PR: #111 by imBharathkumarp in Prateek9876/NagarVikas - Intermediate (30 points)
Qualifying PR: #113 by imBharathkumarp in Prateek9876/NagarVikas - Advanced (40 points)
Qualifying PR: #114 by pahimauchil in Prateek9876/NagarVikas - Beginner (20 points)
Qualifying PR: #117 by IamPritamAcharya in Prateek9876/NagarVikas - Advanced (40 points)
Qualifying PR: #118 by IamPritamAcharya in Prateek9876/NagarVikas - Advanced (40 points)
Qualifying PR: #119 by imBharathkumarp in Prateek9876/NagarVikas - Intermediate (30 points)
Qualifying PR: #125 by aliviahossain in Prateek9876/NagarVikas - Intermediate (30 points)
Qualifying PR: #126 by pooja1932 in Prateek9876/NagarVikas - Advanced (40 points)
Qualifying PR: #131 by GxAditya in Prateek9876/NagarVikas - Advanced (40 points)
Qualifying PR: #132 by IamPritamAcharya in Prateek9876/NagarVikas - Intermediate (30 points)
Qualifying PR: #151 by imBharathkumarp in Prateek9876/NagarVikas - Intermediate (30 points)
Qualifying PR: #157 by GxAditya in Prateek9876/NagarVikas - Advanced (40 points)
Qualifying PR: #161 by GxAditya in Prateek9876/NagarVikas - Beginner (20 points)

Skipping mansiruhil/fail-u-forward (removed from the list due to inactivity).

Skipping saksham0mahnot/safarr (removed from the list due to inactivity).

Skipping codingtrend/tic-tac-toe-Game (removed from the list due to inactivity).

Skipping arjunatapadkar/codeteria (removed from the list due to inactivity).

Skipping Varshitha713/good-first-issue-for-students (removed from the list due to inactivity).

Fetching PRs for soumya813/Notes-App with label SSoC25...
Fetching page of PRs...
Using token ending with ...7HYO
Rate limit: 4981/5000 (resets at 8:01:29 PM)
Retrieved 9 PRs in this page
Total PRs fetched for soumya813/Notes-App: 9
Qualifying PR: #11 by Bavanetha27 in soumya813/Notes-App - Advanced (40 points)
Qualifying PR: #31 by Anujanthwal-dotcom in soumya813/Notes-App - Beginner (20 points)
Qualifying PR: #36 by Samriddhi903 in soumya813/Notes-App - Beginner (20 points)
Qualifying PR: #53 by Rakshit002 in soumya813/Notes-App - Intermediate (30 points)
Qualifying PR: #62 by SK8-infi in soumya813/Notes-App - Beginner (20 points)
Qualifying PR: #66 by Piyushchannawar in soumya813/Notes-App - Beginner (20 points)
Qualifying PR: #67 by InMostCalmness-Rahul in soumya813/Notes-App - Beginner (20 points)
Qualifying PR: #73 by SK8-infi in soumya813/Notes-App - Beginner (20 points)
Qualifying PR: #79 by VJLIVE in soumya813/Notes-App - Beginner (20 points)

Skipping Shashwat-Trivedi/Job-Dhundo (removed from the list due to inactivity).

Skipping Yogareddy107/IntraSphere-JobPortal (removed from the list due to inactivity).

Skipping Shantanu-Tiwari/CoCode (removed from the list due to inactivity).

Skipping EmailScript/EmailScript (removed from the list due to inactivity).

Skipping Mayuri734/Her-Bloom-Project (removed from the list due to inactivity).

Skipping koustavx08/academic-chain-main (removed from the list due to inactivity).

Fetching PRs for ruchikakengal/WebDevIn100_Days with label SSoC25...
Fetching page of PRs...
Using token ending with ...ix2X
Rate limit: 4980/5000 (resets at 8:01:28 PM)
Retrieved 98 PRs in this page
Total PRs fetched for ruchikakengal/WebDevIn100_Days: 98
Qualifying PR: #89 by sania0607 in ruchikakengal/WebDevIn100_Days - Beginner (20 points)
Qualifying PR: #93 by amaansyed27 in ruchikakengal/WebDevIn100_Days - Intermediate (30 points)
Qualifying PR: #95 by Soumyosish in ruchikakengal/WebDevIn100_Days - Intermediate (30 points)
Qualifying PR: #98 by Soumyosish in ruchikakengal/WebDevIn100_Days - Intermediate (30 points)
Qualifying PR: #100 by adwityac in ruchikakengal/WebDevIn100_Days - Intermediate (30 points)
Qualifying PR: #112 by AnoushkaSamanta in ruchikakengal/WebDevIn100_Days - Beginner (20 points)
Qualifying PR: #142 by Vishisht-Dwivedi in ruchikakengal/WebDevIn100_Days - Intermediate (30 points)
Qualifying PR: #150 by MaulikGupta27 in ruchikakengal/WebDevIn100_Days - Intermediate (30 points)
Qualifying PR: #151 by MaulikGupta27 in ruchikakengal/WebDevIn100_Days - Beginner (20 points)
Qualifying PR: #170 by Radhika-dodain in ruchikakengal/WebDevIn100_Days - Intermediate (30 points)
Qualifying PR: #189 by Student-ravneet in ruchikakengal/WebDevIn100_Days - Beginner (20 points)
Qualifying PR: #201 by ANTIK-007 in ruchikakengal/WebDevIn100_Days - Beginner (20 points)
Qualifying PR: #202 by dipmanmajumdar in ruchikakengal/WebDevIn100_Days - Intermediate (30 points)
Qualifying PR: #207 by pahimauchil in ruchikakengal/WebDevIn100_Days - Beginner (20 points)
Qualifying PR: #210 by chauhangarv in ruchikakengal/WebDevIn100_Days - Beginner (20 points)
Qualifying PR: #211 by Abhirup-261004 in ruchikakengal/WebDevIn100_Days - Beginner (20 points)
Qualifying PR: #213 by Nandinikumari02 in ruchikakengal/WebDevIn100_Days - Beginner (20 points)
Qualifying PR: #214 by anchalchaturvedi08 in ruchikakengal/WebDevIn100_Days - Beginner (20 points)
Qualifying PR: #216 by Priyakatariya in ruchikakengal/WebDevIn100_Days - Beginner (20 points)
Qualifying PR: #219 by HARSHMOHAN01 in ruchikakengal/WebDevIn100_Days - Beginner (20 points)
Qualifying PR: #220 by Priyanshi-prog in ruchikakengal/WebDevIn100_Days - Beginner (20 points)
Qualifying PR: #223 by Kushagra888 in ruchikakengal/WebDevIn100_Days - Beginner (20 points)
Qualifying PR: #224 by Soumyosish in ruchikakengal/WebDevIn100_Days - Intermediate (30 points)
Qualifying PR: #225 by Kushagra888 in ruchikakengal/WebDevIn100_Days - Beginner (20 points)
Qualifying PR: #229 by Verma-MK in ruchikakengal/WebDevIn100_Days - Beginner (20 points)
Qualifying PR: #242 by MaulikGupta27 in ruchikakengal/WebDevIn100_Days - Beginner (20 points)
Qualifying PR: #288 by Kushagra888 in ruchikakengal/WebDevIn100_Days - Beginner (20 points)
Qualifying PR: #296 by Priyakatariya in ruchikakengal/WebDevIn100_Days - Intermediate (30 points)
Qualifying PR: #311 by kauntiaakash2 in ruchikakengal/WebDevIn100_Days - Beginner (20 points)
Qualifying PR: #335 by Ashi1411 in ruchikakengal/WebDevIn100_Days - Beginner (20 points)
Qualifying PR: #346 by Verma-MK in ruchikakengal/WebDevIn100_Days - Intermediate (30 points)
Qualifying PR: #357 by reeteesha-roy in ruchikakengal/WebDevIn100_Days - Intermediate (30 points)
Qualifying PR: #367 by arthavjain103 in ruchikakengal/WebDevIn100_Days - Beginner (20 points)
Qualifying PR: #377 by VJLIVE in ruchikakengal/WebDevIn100_Days - Beginner (20 points)
Qualifying PR: #385 by tanu91112 in ruchikakengal/WebDevIn100_Days - Beginner (20 points)
Qualifying PR: #389 by Verma-MK in ruchikakengal/WebDevIn100_Days - Beginner (20 points)
Qualifying PR: #412 by Verma-MK in ruchikakengal/WebDevIn100_Days - Beginner (20 points)
Qualifying PR: #417 by tanu91112 in ruchikakengal/WebDevIn100_Days - Beginner (20 points)
Qualifying PR: #420 by reeteesha-roy in ruchikakengal/WebDevIn100_Days - Beginner (20 points)
Qualifying PR: #422 by giriraj-roy-7723 in ruchikakengal/WebDevIn100_Days - Intermediate (30 points)
Qualifying PR: #424 by tanu91112 in ruchikakengal/WebDevIn100_Days - Beginner (20 points)
Qualifying PR: #441 by Verma-MK in ruchikakengal/WebDevIn100_Days - Beginner (20 points)
Qualifying PR: #481 by Verma-MK in ruchikakengal/WebDevIn100_Days - Intermediate (30 points)
Qualifying PR: #496 by dinesh-2047 in ruchikakengal/WebDevIn100_Days - Beginner (20 points)
Qualifying PR: #501 by dinesh-2047 in ruchikakengal/WebDevIn100_Days - Intermediate (30 points)
Qualifying PR: #506 by dinesh-2047 in ruchikakengal/WebDevIn100_Days - Beginner (20 points)
Qualifying PR: #507 by dinesh-2047 in ruchikakengal/WebDevIn100_Days - Beginner (20 points)
Qualifying PR: #518 by dinesh-2047 in ruchikakengal/WebDevIn100_Days - Beginner (20 points)
Qualifying PR: #523 by dinesh-2047 in ruchikakengal/WebDevIn100_Days - Intermediate (30 points)
Qualifying PR: #528 by Verma-MK in ruchikakengal/WebDevIn100_Days - Beginner (20 points)
Qualifying PR: #543 by dinesh-2047 in ruchikakengal/WebDevIn100_Days - Beginner (20 points)
Qualifying PR: #561 by Verma-MK in ruchikakengal/WebDevIn100_Days - Beginner (20 points)
Qualifying PR: #562 by Verma-MK in ruchikakengal/WebDevIn100_Days - Intermediate (30 points)
Qualifying PR: #563 by Verma-MK in ruchikakengal/WebDevIn100_Days - Intermediate (30 points)
Qualifying PR: #573 by Priyakatariya in ruchikakengal/WebDevIn100_Days - Intermediate (30 points)
Qualifying PR: #576 by Sejal-collection in ruchikakengal/WebDevIn100_Days - Beginner (20 points)
Qualifying PR: #577 by Neha-Singh-j in ruchikakengal/WebDevIn100_Days - Beginner (20 points)
Qualifying PR: #578 by Verma-MK in ruchikakengal/WebDevIn100_Days - Intermediate (30 points)
Qualifying PR: #579 by Verma-MK in ruchikakengal/WebDevIn100_Days - Intermediate (30 points)
Qualifying PR: #580 by Verma-MK in ruchikakengal/WebDevIn100_Days - Beginner (20 points)
Qualifying PR: #581 by Verma-MK in ruchikakengal/WebDevIn100_Days - Beginner (20 points)
Qualifying PR: #588 by Verma-MK in ruchikakengal/WebDevIn100_Days - Intermediate (30 points)
Qualifying PR: #589 by Verma-MK in ruchikakengal/WebDevIn100_Days - Beginner (20 points)
Qualifying PR: #590 by Verma-MK in ruchikakengal/WebDevIn100_Days - Beginner (20 points)
Qualifying PR: #594 by tanu91112 in ruchikakengal/WebDevIn100_Days - Intermediate (30 points)
Qualifying PR: #595 by tanu91112 in ruchikakengal/WebDevIn100_Days - Intermediate (30 points)
Qualifying PR: #611 by Verma-MK in ruchikakengal/WebDevIn100_Days - Beginner (20 points)
Qualifying PR: #612 by Verma-MK in ruchikakengal/WebDevIn100_Days - Beginner (20 points)
Qualifying PR: #613 by Verma-MK in ruchikakengal/WebDevIn100_Days - Beginner (20 points)
Qualifying PR: #614 by Verma-MK in ruchikakengal/WebDevIn100_Days - Intermediate (30 points)
Qualifying PR: #615 by Verma-MK in ruchikakengal/WebDevIn100_Days - Beginner (20 points)
Qualifying PR: #616 by Verma-MK in ruchikakengal/WebDevIn100_Days - Intermediate (30 points)
Qualifying PR: #617 by Verma-MK in ruchikakengal/WebDevIn100_Days - Intermediate (30 points)
Qualifying PR: #618 by Verma-MK in ruchikakengal/WebDevIn100_Days - Beginner (20 points)
Qualifying PR: #619 by Verma-MK in ruchikakengal/WebDevIn100_Days - Beginner (20 points)
Qualifying PR: #630 by dinesh-2047 in ruchikakengal/WebDevIn100_Days - Intermediate (30 points)
Qualifying PR: #644 by Verma-MK in ruchikakengal/WebDevIn100_Days - Intermediate (30 points)
Qualifying PR: #647 by dinesh-2047 in ruchikakengal/WebDevIn100_Days - Beginner (20 points)
Qualifying PR: #648 by dinesh-2047 in ruchikakengal/WebDevIn100_Days - Intermediate (30 points)
Qualifying PR: #649 by dinesh-2047 in ruchikakengal/WebDevIn100_Days - Beginner (20 points)
Qualifying PR: #650 by dinesh-2047 in ruchikakengal/WebDevIn100_Days - Beginner (20 points)
Qualifying PR: #658 by Verma-MK in ruchikakengal/WebDevIn100_Days - Intermediate (30 points)
Qualifying PR: #661 by tanu91112 in ruchikakengal/WebDevIn100_Days - Beginner (20 points)
Qualifying PR: #677 by tanu91112 in ruchikakengal/WebDevIn100_Days - Intermediate (30 points)
Qualifying PR: #680 by Verma-MK in ruchikakengal/WebDevIn100_Days - Intermediate (30 points)
Qualifying PR: #687 by Verma-MK in ruchikakengal/WebDevIn100_Days - Beginner (20 points)
Qualifying PR: #715 by Verma-MK in ruchikakengal/WebDevIn100_Days - Intermediate (30 points)
Qualifying PR: #716 by Verma-MK in ruchikakengal/WebDevIn100_Days - Intermediate (30 points)
Qualifying PR: #719 by dinesh-2047 in ruchikakengal/WebDevIn100_Days - Beginner (20 points)
Qualifying PR: #720 by dinesh-2047 in ruchikakengal/WebDevIn100_Days - Beginner (20 points)
Qualifying PR: #722 by dinesh-2047 in ruchikakengal/WebDevIn100_Days - Intermediate (30 points)
Qualifying PR: #723 by dinesh-2047 in ruchikakengal/WebDevIn100_Days - Beginner (20 points)
Qualifying PR: #724 by dinesh-2047 in ruchikakengal/WebDevIn100_Days - Beginner (20 points)

Skipping Vaibhavlanjewar/Csgpt (removed from the list due to inactivity).

Skipping atharva038/KnockNFix (removed from the list due to inactivity).

Skipping akshay0611/tanjore-degree-coffee (removed from the list due to inactivity).

Skipping git-aaditmehta/cardwise (removed from the list due to inactivity).

Skipping Kalaigar-Ayesha/Fake-interships-detection (removed from the list due to inactivity).

Skipping iDhruv03/Call-My-Lawyer (removed from the list due to inactivity).

Skipping Kaliagargi/forest-fireprotection (removed from the list due to inactivity).

Skipping apu52/Travel_Website (removed from the list due to inactivity).

Skipping apu52/METAVERSE (removed from the list due to inactivity).

Skipping vacanza/holidays (removed from the list due to inactivity).

Skipping soundarya8/Signify (removed from the list due to inactivity).

Skipping apna-college/wanderlust (removed from the list due to inactivity).

Skipping Varshini-Buggana/E-commerce-Complete-Flutter-UI (removed from the list due to inactivity).

Skipping VARUN3WARE/GroundBot (removed from the list due to inactivity).

Skipping Nandani1512/byteverse_Mavericks (removed from the list due to inactivity).

Skipping sailaja-adapa/GuruShish (removed from the list due to inactivity).

Skipping sumit-make/Smart-University (removed from the list due to inactivity).

Skipping SAMBUDAR/Styleka (removed from the list due to inactivity).

Skipping SamXop123/tools.io (removed from the list due to inactivity).

Skipping SGCODEX/Music-Recommendation-Using-Facial-Expressions (removed from the list due to inactivity).

Skipping SGCODEX/Hackathon-Website (removed from the list due to inactivity).

Fetching PRs for CLUSTER-DS-Club/cluster with label SSoC25...
Fetching page of PRs...
Using token ending with ...7HYO
Rate limit: 4980/5000 (resets at 8:01:29 PM)
Retrieved 47 PRs in this page
Total PRs fetched for CLUSTER-DS-Club/cluster: 47
Qualifying PR: #33 by aryanguptacsvtu in CLUSTER-DS-Club/cluster - Beginner (20 points)
Qualifying PR: #38 by Mayankjain2624 in CLUSTER-DS-Club/cluster - Intermediate (30 points)
Qualifying PR: #46 by kanik-snippet in CLUSTER-DS-Club/cluster - Intermediate (30 points)
Qualifying PR: #47 by tejaswinihatkar in CLUSTER-DS-Club/cluster - Intermediate (30 points)
Qualifying PR: #49 by Neha-Singh-j in CLUSTER-DS-Club/cluster - Beginner (20 points)
Qualifying PR: #60 by bishal7448 in CLUSTER-DS-Club/cluster - Beginner (20 points)
Qualifying PR: #62 by sahithi-kanjarla in CLUSTER-DS-Club/cluster - Beginner (20 points)
Qualifying PR: #65 by Ishikacasley14 in CLUSTER-DS-Club/cluster - Beginner (20 points)
Qualifying PR: #68 by archangel2006 in CLUSTER-DS-Club/cluster - Intermediate (30 points)
Qualifying PR: #71 by TanmayKalra09 in CLUSTER-DS-Club/cluster - Beginner (20 points)
Qualifying PR: #75 by TanmayKalra09 in CLUSTER-DS-Club/cluster - Beginner (20 points)
Qualifying PR: #76 by TanmayKalra09 in CLUSTER-DS-Club/cluster - Beginner (20 points)
Qualifying PR: #79 by Deekshithshaiva05 in CLUSTER-DS-Club/cluster - Intermediate (30 points)
Qualifying PR: #82 by TanmayKalra09 in CLUSTER-DS-Club/cluster - Beginner (20 points)
Qualifying PR: #83 by TanmayKalra09 in CLUSTER-DS-Club/cluster - Beginner (20 points)
Qualifying PR: #89 by Soumyosish in CLUSTER-DS-Club/cluster - Beginner (20 points)
Qualifying PR: #90 by manavi-24 in CLUSTER-DS-Club/cluster - Intermediate (30 points)
Qualifying PR: #95 by Anujanthwal-dotcom in CLUSTER-DS-Club/cluster - Beginner (20 points)
Qualifying PR: #96 by HimanshuKabra01 in CLUSTER-DS-Club/cluster - Beginner (20 points)
Qualifying PR: #98 by sahithi-kanjarla in CLUSTER-DS-Club/cluster - Beginner (20 points)
Qualifying PR: #101 by Deekshithshaiva05 in CLUSTER-DS-Club/cluster - Intermediate (30 points)
Qualifying PR: #108 by dishaagrawalcodes in CLUSTER-DS-Club/cluster - Beginner (20 points)
Qualifying PR: #109 by dishaagrawalcodes in CLUSTER-DS-Club/cluster - Beginner (20 points)
Qualifying PR: #111 by dishaagrawalcodes in CLUSTER-DS-Club/cluster - Beginner (20 points)
Qualifying PR: #112 by dishaagrawalcodes in CLUSTER-DS-Club/cluster - Intermediate (30 points)
Qualifying PR: #118 by archangel2006 in CLUSTER-DS-Club/cluster - Beginner (20 points)
Qualifying PR: #120 by Sundhar-Balamoorthy in CLUSTER-DS-Club/cluster - Intermediate (30 points)
Qualifying PR: #124 by dishaagrawalcodes in CLUSTER-DS-Club/cluster - Beginner (20 points)
Qualifying PR: #132 by TanmayKalra09 in CLUSTER-DS-Club/cluster - Advanced (40 points)
Qualifying PR: #133 by dishaagrawalcodes in CLUSTER-DS-Club/cluster - Beginner (20 points)
Qualifying PR: #134 by archangel2006 in CLUSTER-DS-Club/cluster - Beginner (20 points)
Qualifying PR: #135 by dishaagrawalcodes in CLUSTER-DS-Club/cluster - Beginner (20 points)
Qualifying PR: #136 by dishaagrawalcodes in CLUSTER-DS-Club/cluster - Beginner (20 points)
Qualifying PR: #137 by ravneet27062004 in CLUSTER-DS-Club/cluster - Beginner (20 points)
Qualifying PR: #138 by kamran-asif in CLUSTER-DS-Club/cluster - Intermediate (30 points)
Qualifying PR: #143 by TanmayKalra09 in CLUSTER-DS-Club/cluster - Intermediate (30 points)
Qualifying PR: #145 by Webwizzz22 in CLUSTER-DS-Club/cluster - Beginner (20 points)
Qualifying PR: #146 by kavitha308 in CLUSTER-DS-Club/cluster - Intermediate (30 points)
Qualifying PR: #149 by ravneet27062004 in CLUSTER-DS-Club/cluster - Beginner (20 points)
Qualifying PR: #150 by ravneet27062004 in CLUSTER-DS-Club/cluster - Beginner (20 points)
Qualifying PR: #154 by dishaagrawalcodes in CLUSTER-DS-Club/cluster - Intermediate (30 points)
Qualifying PR: #158 by tejaswinihatkar in CLUSTER-DS-Club/cluster - Intermediate (30 points)

Skipping rimanshupatel/FitMind_Ai (removed from the list due to inactivity).

Skipping Ananta025/VIDEO_MEET (removed from the list due to inactivity).

Skipping AgrimTawani/WordBattle (removed from the list due to inactivity).

Skipping Ananta025/Financy (removed from the list due to inactivity).

Skipping owasp/nest (removed from the list due to inactivity).

Skipping Vrushti-kulkarni/Terrawise (removed from the list due to inactivity).

Skipping Vaishnavi-Manne/CSS-Masterpieces (removed from the list due to inactivity).

Skipping Nazeya86/TaskByte (removed from the list due to inactivity).

Skipping sAnandha/AWS-Project-Documentation (removed from the list due to inactivity).

Skipping efshaperveen/MindJournal (removed from the list due to inactivity).

Skipping Mohitranag18/PPT.fy (removed from the list due to inactivity).

Skipping sailaja-adapa/gurushish (removed from the list due to inactivity).

Skipping Raga-03/Twitter_Sentiment_Analysis (removed from the list due to inactivity).

Skipping Piyush-t24/NBG (removed from the list due to inactivity).

Skipping SharonIV0x86/CinderPeak (removed from the list due to inactivity).

Skipping i-amit-tiwari/E-Commerce-Website (removed from the list due to inactivity).

Skipping i-amit-tiwari/Food-Ordering (removed from the list due to inactivity).

Skipping Kalaigar-Ayesha/Job-Application-Tracker (removed from the list due to inactivity).

Skipping Jotthecode/CITY-PULSE (removed from the list due to inactivity).

Skipping akshtshrma/KinetiX (removed from the list due to inactivity).

Skipping Darshan0244/Study_Zen (removed from the list due to inactivity).

Skipping mohitcse22/Game-zone (removed from the list due to inactivity).

Skipping SrigadaAkshayKumar/chatapp-frontend (removed from the list due to inactivity).

Skipping SrigadaAkshayKumar/stock (removed from the list due to inactivity).

Skipping ThePhoenix08/open-graph-visualizer (removed from the list due to inactivity).

Skipping Swapnil-Dhamal/EventHive (removed from the list due to inactivity).

===== APPLYING BONUS POINTS =====
Bonus: vishnukothakapu awarded 100 points for "Bonus Score (Participation in Giveaway / Sessions)"
Bonus: aryarathoree awarded 100 points for "Bonus Score (Participation in Giveaway / Sessions)"
Bonus: Somilg11 awarded 100 points for "Bonus Score (Participation in Giveaway / Sessions)"
Bonus: amaansyed27 awarded 100 points for "Bonus Score (Participation in Giveaway / Sessions)"
Bonus: Neha-Singh-j awarded 100 points for "Bonus Score (Participation in Giveaway / Sessions)"
Bonus: sayan922 awarded 100 points for "Bonus Score (Participation in Giveaway / Sessions)"
Bonus: IamPritamAcharya awarded 100 points for "Bonus Score (Participation in Giveaway / Sessions)"
Bonus: HimanshuKabra01 awarded 100 points for "Bonus Score (Participation in Giveaway / Sessions)"
Bonus: Anujanthwal-dotcom awarded 100 points for "Bonus Score (Participation in Giveaway / Sessions)"
Bonus: Y4shu awarded 100 points for "Bonus Score (Participation in Giveaway / Sessions)"
Bonus: Gurashish73 awarded 100 points for "Bonus Score (Participation in Giveaway / Sessions)"
Bonus: Sushma-1706 awarded 100 points for "Bonus Score (Participation in Giveaway / Sessions)"
Bonus: kanik-snippet awarded 100 points for "Bonus Score (Participation in Giveaway / Sessions)"
Bonus: Dipanita45 awarded 100 points for "Bonus Score (Participation in Giveaway / Sessions)"
Bonus: AbhinaySngh awarded 100 points for "Bonus Score (Participation in Giveaway / Sessions)"
Bonus: SRILSHUKLA awarded 100 points for "Bonus Score (Participation in Giveaway / Sessions)"
Bonus: sanskarlohani awarded 100 points for "Bonus Score (Participation in Giveaway / Sessions)"
Bonus: Tanishq-789 awarded 100 points for "Bonus Score (Participation in Giveaway / Sessions)"
Bonus: Asterioxer awarded 100 points for "Bonus Score (Participation in Giveaway / Sessions)"
Bonus: rohit-debnath24 awarded 100 points for "Bonus Score (Participation in Giveaway / Sessions)"
Bonus: Bavanetha27 awarded 100 points for "Bonus Score (Participation in Giveaway / Sessions)"
Bonus: YashChauhan-2303 awarded 100 points for "Bonus Score (Participation in Giveaway / Sessions)"
Bonus: SHIV-360 awarded 100 points for "Bonus Score (Participation in Giveaway / Sessions)"
Bonus: Megha-sing awarded 100 points for "Bonus Score (Participation in Giveaway / Sessions)"
Bonus: Rakshit002 awarded 100 points for "Bonus Score (Participation in Giveaway / Sessions)"
Bonus: shreesriv12 awarded 100 points for "Bonus Score (Participation in Giveaway / Sessions)"
Bonus: Priyakatariya awarded 100 points for "Bonus Score (Participation in Giveaway / Sessions)"
Bonus: BalajiMittapalli awarded 100 points for "Bonus Score (Participation in Giveaway / Sessions)"
Bonus: Lalitha216 awarded 100 points for "Bonus Score (Participation in Giveaway / Sessions)"
Bonus: akashbisht004 awarded 100 points for "Bonus Score (Participation in Giveaway / Sessions)"
Bonus: chehak2004 awarded 100 points for "Bonus Score (Participation in Giveaway / Sessions)"
Bonus: Ananyaa03 awarded 100 points for "Bonus Score (Participation in Giveaway / Sessions)"
Bonus: AnishSambhwani8278 awarded 100 points for "Bonus Score (Participation in Giveaway / Sessions)"
Bonus: Vitalvarma awarded 100 points for "Bonus Score (Participation in Giveaway / Sessions)"
Bonus: Ashi1411 awarded 100 points for "Bonus Score (Participation in Giveaway / Sessions)"
Bonus: Samriddhi903 awarded 100 points for "Bonus Score (Participation in Giveaway / Sessions)"
Bonus: renuvarma67 awarded 100 points for "Bonus Score (Participation in Giveaway / Sessions)"
Bonus: kanishgit09 awarded 100 points for "Bonus Score (Participation in Giveaway / Sessions)"
Bonus: MRohit-2003 awarded 100 points for "Bonus Score (Participation in Giveaway / Sessions)"
Bonus: GopalDwivedii awarded 100 points for "Bonus Score (Participation in Giveaway / Sessions)"
Bonus: kaurpreetman awarded 100 points for "Bonus Score (Participation in Giveaway / Sessions)"
Bonus: piyushdhoka awarded 100 points for "Bonus Score (Participation in Giveaway / Sessions)"
Bonus: nupurmadaan04 awarded 100 points for "Bonus Score (Participation in Giveaway / Sessions)"
Bonus: InMostCalmness-Rahul awarded 100 points for "Bonus Score (Participation in Giveaway / Sessions)"
Bonus: aliviahossain awarded 100 points for "Bonus Score (Participation in Giveaway / Sessions)"
Bonus: Jashneer awarded 100 points for "Bonus Score (Participation in Giveaway / Sessions)"
Bonus: AkshithaMuttangi awarded 100 points for "Bonus Score (Participation in Giveaway / Sessions)"
Bonus: pahimauchil awarded 100 points for "Bonus Score (Participation in Giveaway / Sessions)"
Bonus: GxAditya awarded 100 points for "Bonus Score (Participation in Giveaway / Sessions)"
Bonus: ItsMeAnanyaSrivastava awarded 100 points for "Bonus Score (Participation in Giveaway / Sessions)"
Bonus: AnoushkaSamanta awarded 100 points for "Bonus Score (Participation in Giveaway / Sessions)"
Bonus: adwityac awarded 100 points for "Bonus Score (Participation in Giveaway / Sessions)"
Bonus: VJLIVE awarded 100 points for "Bonus Score (Participation in Giveaway / Sessions)"
Bonus: Ronnit44 awarded 100 points for "Bonus Score (Participation in Giveaway / Sessions)"
Bonus: Priyanshiunique awarded 100 points for "Bonus Score (Participation in Giveaway / Sessions)"
Bonus: dinesh-2047 awarded 100 points for "Bonus Score (Participation in Giveaway / Sessions)"
Bonus: pkbros awarded 100 points for "Bonus Score (Participation in Giveaway / Sessions)"
Bonus: bwbeas awarded 100 points for "Bonus Score (Participation in Giveaway / Sessions)"
Bonus: Apurba-01 awarded 100 points for "Bonus Score (Participation in Giveaway / Sessions)"
Bonus: Mohamad-Owais awarded 100 points for "Bonus Score (Participation in Giveaway / Sessions)"
Bonus: Vartekalohiya13 awarded 100 points for "Bonus Score (Participation in Giveaway / Sessions)"
Bonus: pari3654 awarded 100 points for "Bonus Score (Participation in Giveaway / Sessions)"
Bonus: naveenmvoff awarded 100 points for "Bonus Score (Participation in Giveaway / Sessions)"
Bonus: kavitha308 awarded 100 points for "Bonus Score (Participation in Giveaway / Sessions)"
Bonus: Vishisht-Dwivedi awarded 100 points for "Bonus Score (Participation in Giveaway / Sessions)"
Bonus: Shreya-Gupta-SG awarded 100 points for "Bonus Score (Participation in Giveaway / Sessions)"
Bonus: archangel2006 awarded 100 points for "Bonus Score (Participation in Giveaway / Sessions)"
Bonus: ssz2605 awarded 100 points for "Bonus Score (Participation in Giveaway / Sessions)"
Bonus: SHreyanSH-0 awarded 100 points for "Bonus Score (Participation in Giveaway / Sessions)"
Bonus: Samiran2004 awarded 100 points for "Bonus Score (Participation in Giveaway / Sessions)"
Bonus: ssid18 awarded 100 points for "Bonus Score (Participation in Giveaway / Sessions)"
Bonus: Saurabhjk15 awarded 100 points for "Bonus Score (Participation in Giveaway / Sessions)"
Bonus: Tushar-senpai awarded 100 points for "Bonus Score (Participation in Giveaway / Sessions)"
Bonus: Soumyosish awarded 100 points for "Bonus Score (Participation in Giveaway / Sessions)"
Bonus: MaulikGupta27 awarded 100 points for "Bonus Score (Participation in Giveaway / Sessions)"
Bonus: mav01-code awarded 100 points for "Bonus Score (Participation in Giveaway / Sessions)"
Bonus: Samiksha-bajoria awarded 100 points for "Bonus Score (Participation in Giveaway / Sessions)"
Bonus: ThulasiPriyaS awarded 100 points for "Bonus Score (Participation in Giveaway / Sessions)"
Bonus: Ranganivandan awarded 100 points for "Bonus Score (Participation in Giveaway / Sessions)"
Bonus: Samridhi-2007 awarded 100 points for "Bonus Score (Participation in Giveaway / Sessions)"
Bonus: Shoury-Rana awarded 100 points for "Bonus Score (Participation in Giveaway / Sessions)"
Bonus: Joystonm awarded 100 points for "Bonus Score (Participation in Giveaway / Sessions)"
Bonus: sneha842 awarded 100 points for "Bonus Score (Participation in Giveaway / Sessions)"
Bonus: Siri-026 awarded 100 points for "Bonus Score (Participation in Giveaway / Sessions)"
Bonus: jyotsna030 awarded 100 points for "Bonus Score (Participation in Giveaway / Sessions)"
Bonus: Namanbanshiwala awarded 100 points for "Bonus Score (Participation in Giveaway / Sessions)"
Bonus: GauravKarakoti awarded 100 points for "Bonus Score (Participation in Giveaway / Sessions)"
Bonus: HARSHMOHAN01 awarded 100 points for "Bonus Score (Participation in Giveaway / Sessions)"
Bonus: Code-writter awarded 100 points for "Bonus Score (Participation in Giveaway / Sessions)"
Bonus: imBharathkumarp awarded 100 points for "Bonus Score (Participation in Giveaway / Sessions)"
Bonus: sania0607 awarded 100 points for "Bonus Score (Participation in Giveaway / Sessions)"
Bonus: SrigadaAkshayKumar awarded 100 points for "Bonus Score (Participation in Giveaway / Sessions)"
Bonus: DivyaMandve awarded 100 points for "Bonus Score (Participation in Giveaway / Sessions)"
Bonus: Nandinikumari02 awarded 100 points for "Bonus Score (Participation in Giveaway / Sessions)"
Bonus: mansiruhil awarded 100 points for "Bonus Score (Participation in Giveaway / Sessions)"
Bonus: Jahnavi-de awarded 100 points for "Bonus Score (Participation in Giveaway / Sessions)"
Bonus: sushmithashettigar29 awarded 100 points for "Bonus Score (Participation in Giveaway / Sessions)"
Bonus: Gargibajpai awarded 100 points for "Bonus Score (Participation in Giveaway / Sessions)"
Bonus: DeadpoolX7 awarded 100 points for "Bonus Score (Participation in Giveaway / Sessions)"
Bonus: Bhaanavee awarded 100 points for "Bonus Score (Participation in Giveaway / Sessions)"
Bonus: kotlalokeshwari098 awarded 100 points for "Bonus Score (Participation in Giveaway / Sessions)"
Bonus: Aaryandhage awarded 100 points for "Bonus Score (Participation in Giveaway / Sessions)"
Bonus: arthavjain103 awarded 100 points for "Bonus Score (Participation in Giveaway / Sessions)"
Bonus: arpitsehal awarded 100 points for "Bonus Score (Participation in Giveaway / Sessions)"
Bonus: AshutoshSingh058 awarded 100 points for "Bonus Score (Participation in Giveaway / Sessions)"
Bonus: tanu91112 awarded 100 points for "Bonus Score (Participation in Giveaway / Sessions)"
Bonus: shrutisachan08 awarded 100 points for "Bonus Score (Participation in Giveaway / Sessions)"
Bonus: Lavi-hk awarded 100 points for "Bonus Score (Participation in Giveaway / Sessions)"
Bonus: varun935 awarded 100 points for "Bonus Score (Participation in Giveaway / Sessions)"
Bonus: anuvind570 awarded 100 points for "Bonus Score (Participation in Giveaway / Sessions)"
Bonus: s4chinjha awarded 100 points for "Bonus Score (Participation in Giveaway / Sessions)"
Bonus: AskitEndo awarded 100 points for "Bonus Score (Participation in Giveaway / Sessions)"
Bonus: Kushagra888 awarded 100 points for "Bonus Score (Participation in Giveaway / Sessions)"
Bonus: RAJVEER42 awarded 100 points for "Bonus Score (Participation in Giveaway / Sessions)"
Bonus: SamridhiAhuja2075 awarded 100 points for "Bonus Score (Participation in Giveaway / Sessions)"
Bonus: AbhishekSharma-9 awarded 100 points for "Bonus Score (Participation in Giveaway / Sessions)"
Bonus: maheswari8074 awarded 100 points for "Bonus Score (Participation in Giveaway / Sessions)"
Bonus: Anneshabhakta2005 awarded 100 points for "Bonus Score (Participation in Giveaway / Sessions)"
Bonus: Mitali-119 awarded 100 points for "Bonus Score (Participation in Giveaway / Sessions)"
Bonus: TheAnumaan awarded 100 points for "Bonus Score (Participation in Giveaway / Sessions)"
Bonus: Poushali-Mitra awarded 100 points for "Bonus Score (Participation in Giveaway / Sessions)"
Bonus: anchalchaturvedi08 awarded 100 points for "Bonus Score (Participation in Giveaway / Sessions)"
Bonus: Jidnyasa-P awarded 100 points for "Bonus Score (Participation in Giveaway / Sessions)"
Bonus: RinkiJhunjhunwala awarded 100 points for "Bonus Score (Participation in Giveaway / Sessions)"
Bonus: VenkataSarma awarded 100 points for "Bonus Score (Participation in Giveaway / Sessions)"
Bonus: Kanwalgunkaur1111 awarded 100 points for "Bonus Score (Participation in Giveaway / Sessions)"
Bonus: tejaswinihatkar awarded 100 points for "Bonus Score (Participation in Giveaway / Sessions)"
Bonus: ravneet27062004 awarded 100 points for "Bonus Score (Participation in Giveaway / Sessions)"
Bonus: Ankush-ai awarded 100 points for "Bonus Score (Participation in Giveaway / Sessions)"
Bonus: Coden-inja awarded 100 points for "Bonus Score (Participation in Giveaway / Sessions)"
Bonus: Verma-MK awarded 100 points for "Bonus Score (Participation in Giveaway / Sessions)"
Bonus: afreenaiml awarded 100 points for "Bonus Score (Participation in Giveaway / Sessions)"
Bonus: coddingjatin awarded 100 points for "Bonus Score (Participation in Giveaway / Sessions)"
Bonus: anvita-09 awarded 100 points for "Bonus Score (Participation in Giveaway / Sessions)"
Bonus: Sohi07 awarded 100 points for "Bonus Score (Participation in Giveaway / Sessions)"
Bonus: sahithi-kanjarla awarded 100 points for "Bonus Score (Participation in Giveaway / Sessions)"
Bonus: keshripritesh awarded 100 points for "Bonus Score (Participation in Giveaway / Sessions)"
Bonus: ayushjava07 awarded 100 points for "Bonus Score (Participation in Giveaway / Sessions)"
Bonus: kamran-asif awarded 100 points for "Bonus Score (Participation in Giveaway / Sessions)"
Bonus: ParthNema13 awarded 100 points for "Bonus Score (Participation in Giveaway / Sessions)"
Bonus: vineela49 awarded 100 points for "Bonus Score (Participation in Giveaway / Sessions)"
Bonus: kanak227 awarded 100 points for "Bonus Score (Participation in Giveaway / Sessions)"
Bonus: Mayankjain2624 awarded 100 points for "Bonus Score (Participation in Giveaway / Sessions)"
Bonus: YashSavalkar321 awarded 100 points for "Bonus Score (Participation in Giveaway / Sessions)"
Bonus: saarang2003 awarded 100 points for "Bonus Score (Participation in Giveaway / Sessions)"
Bonus: Renu-code123 awarded 100 points for "Bonus Score (Participation in Giveaway / Sessions)"
Bonus: dini-5002 awarded 100 points for "Bonus Score (Participation in Giveaway / Sessions)"
Bonus: manavi-24 awarded 100 points for "Bonus Score (Participation in Giveaway / Sessions)"
Bonus: Tarushiiiii awarded 100 points for "Bonus Score (Participation in Giveaway / Sessions)"
Bonus: Anamikaghosh18 awarded 100 points for "Bonus Score (Participation in Giveaway / Sessions)"
Bonus: Shivu384 awarded 100 points for "Bonus Score (Participation in Giveaway / Sessions)"
Bonus: aryann2319 awarded 100 points for "Bonus Score (Participation in Giveaway / Sessions)"
Bonus: Sejal-collection awarded 100 points for "Bonus Score (Participation in Giveaway / Sessions)"
Bonus: SK8-infi awarded 100 points for "Bonus Score (Participation in Giveaway / Sessions)"
Bonus: Adithkp03 awarded 100 points for "Bonus Score (Participation in Giveaway / Sessions)"
Bonus: vivekd16 awarded 100 points for "Bonus Score (Participation in Giveaway / Sessions)"
Bonus: decodekush awarded 100 points for "Bonus Score (Participation in Giveaway / Sessions)"
Bonus: preritasaini1 awarded 100 points for "Bonus Score (Participation in Giveaway / Sessions)"
Bonus: giriraj-roy-7723 awarded 100 points for "Bonus Score (Participation in Giveaway / Sessions)"
Bonus: niharika-mente awarded 100 points for "Bonus Score (Participation in Giveaway / Sessions)"
Bonus: denshaw-09 awarded 100 points for "Bonus Score (Participation in Giveaway / Sessions)"
Bonus: JallaDharani awarded 100 points for "Bonus Score (Participation in Giveaway / Sessions)"
Bonus: 2024yuva awarded 100 points for "Bonus Score (Participation in Giveaway / Sessions)"
Bonus: Shashikumar-ezhilarasu awarded 100 points for "Bonus Score (Participation in Giveaway / Sessions)"
Bonus: SnehaghoshBarsha444 awarded 100 points for "Bonus Score (Participation in Giveaway / Sessions)"
Bonus: Mmadan128 awarded 100 points for "Bonus Score (Participation in Giveaway / Sessions)"
Bonus: noshmachowdary awarded 100 points for "Bonus Score (Participation in Giveaway / Sessions)"
Bonus: ANTIK-007 awarded 100 points for "Bonus Score (Participation in Giveaway / Sessions)"
Bonus: suri5790 awarded 100 points for "Bonus Score (Participation in Giveaway / Sessions)"
Bonus: ErebAsh awarded 100 points for "Bonus Score (Participation in Giveaway / Sessions)"
Bonus: ttiwari13 awarded 100 points for "Bonus Score (Participation in Giveaway / Sessions)"
Bonus: Chavva-Harshita awarded 100 points for "Bonus Score (Participation in Giveaway / Sessions)"
Bonus: Radhika-dodain awarded 100 points for "Bonus Score (Participation in Giveaway / Sessions)"
Bonus: code-well0 awarded 100 points for "Bonus Score (Participation in Giveaway / Sessions)"
Bonus: psp2535 awarded 100 points for "Bonus Score (Participation in Giveaway / Sessions)"
Bonus: bishal7448 awarded 100 points for "Bonus Score (Participation in Giveaway / Sessions)"
Bonus: Student-ravneet awarded 100 points for "Bonus Score (Participation in Giveaway / Sessions)"
Bonus: dipmanmajumdar awarded 100 points for "Bonus Score (Participation in Giveaway / Sessions)"
Bonus: m1ss-chief awarded 100 points for "Bonus Score (Participation in Giveaway / Sessions)"
Bonus: sumit-make awarded 100 points for "Bonus Score (Participation in Giveaway / Sessions)"
Bonus: NandaGunasri awarded 100 points for "Bonus Score (Participation in Giveaway / Sessions)"
Bonus: Suhaniisingh05 awarded 100 points for "Bonus Score (Participation in Giveaway / Sessions)"
Bonus: architasaha21 awarded 100 points for "Bonus Score (Participation in Giveaway / Sessions)"
Bonus: jaylm10 awarded 100 points for "Bonus Score (Participation in Giveaway / Sessions)"
Bonus: kauntiaakash2 awarded 100 points for "Bonus Score (Participation in Giveaway / Sessions)"
Bonus: Saksham-Jaiswal-2004 awarded 100 points for "Bonus Score (Participation in Giveaway / Sessions)"
Bonus: Piyushchannawar awarded 100 points for "Bonus Score (Participation in Giveaway / Sessions)"
Bonus: Abhirup-261004 awarded 100 points for "Bonus Score (Participation in Giveaway / Sessions)"
Bonus: Priyanshi-prog awarded 100 points for "Bonus Score (Participation in Giveaway / Sessions)"
Bonus: ankit2061 awarded 100 points for "Bonus Score (Participation in Giveaway / Sessions)"
Bonus: isha0325 awarded 100 points for "Bonus Score (Participation in Giveaway / Sessions)"
Bonus: Sanjna07 awarded 100 points for "Bonus Score (Participation in Giveaway / Sessions)"
Bonus: swethapadmavathimukku awarded 100 points for "Bonus Score (Participation in Giveaway / Sessions)"
Bonus: Dru-429 awarded 100 points for "Bonus Score (Participation in Giveaway / Sessions)"
Bonus: TanmayKalra09 awarded 100 points for "Bonus Score (Participation in Giveaway / Sessions)"
Bonus: Arihant-Bhandari awarded 100 points for "Bonus Score (Participation in Giveaway / Sessions)"
Bonus: Muneerali199 awarded 100 points for "Bonus Score (Participation in Giveaway / Sessions)"
Bonus: NehaSaini011 awarded 100 points for "Bonus Score (Participation in Giveaway / Sessions)"
Bonus: shreyamittal10 awarded 100 points for "Bonus Score (Participation in Giveaway / Sessions)"
Bonus: MayankV004 awarded 100 points for "Bonus Score (Participation in Giveaway / Sessions)"
Bonus: Sayan-206 awarded 100 points for "Bonus Score (Participation in Giveaway / Sessions)"
Bonus: awrya-cmd awarded 100 points for "Bonus Score (Participation in Giveaway / Sessions)"
Bonus: divyam8175 awarded 100 points for "Bonus Score (Participation in Giveaway / Sessions)"
Bonus: imDarshanGK awarded 100 points for "Bonus Score (Participation in Giveaway / Sessions)"
Bonus: VenkataSrujana11 awarded 100 points for "Bonus Score (Participation in Giveaway / Sessions)"
Bonus: NA-VNEET awarded 100 points for "Bonus Score (Participation in Giveaway / Sessions)"
Bonus: AkshithaReddy005 awarded 100 points for "Bonus Score (Participation in Giveaway / Sessions)"
Bonus: pratham15541 awarded 100 points for "Bonus Score (Participation in Giveaway / Sessions)"
Bonus: Webwizzz22 awarded 100 points for "Bonus Score (Participation in Giveaway / Sessions)"
Bonus: chauhangarv awarded 100 points for "Bonus Score (Participation in Giveaway / Sessions)"
Bonus: Sainava awarded 100 points for "Bonus Score (Participation in Giveaway / Sessions)"
Bonus: koushikreddybachu awarded 100 points for "Bonus Score (Participation in Giveaway / Sessions)"
Bonus: dishaagrawalcodes awarded 100 points for "Bonus Score (Participation in Giveaway / Sessions)"
Bonus: Harshi-max awarded 100 points for "Bonus Score (Participation in Giveaway / Sessions)"
Bonus: tulikaroyy awarded 100 points for "Bonus Score (Participation in Giveaway / Sessions)"
Bonus: UjjWaL-0911 awarded 100 points for "Bonus Score (Participation in Giveaway / Sessions)"
Bonus: JAYATIAHUJA awarded 100 points for "Bonus Score (Participation in Giveaway / Sessions)"
Bonus: Deekshithshaiva05 awarded 100 points for "Bonus Score (Participation in Giveaway / Sessions)"
Bonus: KavyaMunusamy awarded 100 points for "Bonus Score (Participation in Giveaway / Sessions)"
Bonus: shambhavi0608 awarded 100 points for "Bonus Score (Participation in Giveaway / Sessions)"
Bonus: SubhamKojha awarded 100 points for "Bonus Score (Participation in Giveaway / Sessions)"
Bonus: aryanguptacsvtu awarded 100 points for "Bonus Score (Participation in Giveaway / Sessions)"
Bonus: pooja1932 awarded 100 points for "Bonus Score (Participation in Giveaway / Sessions)"
Bonus: aerinpatel awarded 100 points for "Bonus Score (Participation in Giveaway / Sessions)"
Bonus: Vrushti-kulkarni awarded 100 points for "Bonus Score (Participation in Giveaway / Sessions)"
Bonus: Atharva-Kale1 awarded 100 points for "Bonus Score (Participation in Giveaway / Sessions)"
Bonus: Varshitha713 awarded 100 points for "Bonus Score (Participation in Giveaway / Sessions)"
Bonus: Vaishnavi-Manne awarded 100 points for "Bonus Score (Participation in Giveaway / Sessions)"
Bonus: Harsh16Bhardwaj awarded 100 points for "Bonus Score (Participation in Giveaway / Sessions)"
Bonus: Sundhar-Balamoorthy awarded 100 points for "Bonus Score (Participation in Giveaway / Sessions)"
Bonus: ZarrarPeshimam awarded 100 points for "Bonus Score (Participation in Giveaway / Sessions)"
Bonus: VAISHNAVISTUDENT awarded 100 points for "Bonus Score (Participation in Giveaway / Sessions)"
Bonus: Sandhya251 awarded 100 points for "Bonus Score (Participation in Giveaway / Sessions)"
Bonus: GarimaYadav29 awarded 100 points for "Bonus Score (Participation in Giveaway / Sessions)"
Bonus: Sudhanshu517 awarded 100 points for "Bonus Score (Participation in Giveaway / Sessions)"
Bonus: Alam9835 awarded 100 points for "Bonus Score (Participation in Giveaway / Sessions)"
Bonus: ultimatrix2 awarded 100 points for "Bonus Score (Participation in Giveaway / Sessions)"
Bonus: Yamuna-b awarded 100 points for "Bonus Score (Participation in Giveaway / Sessions)"
Bonus: reeteesha-roy awarded 100 points for "Bonus Score (Participation in Giveaway / Sessions)"
Bonus: krabhis awarded 100 points for "Bonus Score (Participation in Giveaway / Sessions)"
Bonus: VEDAPRIYAMUTYAM awarded 100 points for "Bonus Score (Participation in Giveaway / Sessions)"
Bonus: harshraj005 awarded 100 points for "Bonus Score (Participation in Giveaway / Sessions)"
Bonus: mukul-sharma-tech awarded 100 points for "Bonus Score (Participation in Giveaway / Sessions)"
Bonus: jeevaananthan52 awarded 100 points for "Bonus Score (Participation in Giveaway / Sessions)"
Bonus: michael-0007a awarded 100 points for "Bonus Score (Participation in Giveaway / Sessions)"
Bonus: Sahil-Chahal awarded 100 points for "Bonus Score (Participation in Giveaway / Sessions)"
Bonus: rajusharmadata awarded 100 points for "Bonus Score (Participation in Giveaway / Sessions)"
Bonus: Vijayashree-tech awarded 100 points for "Bonus Score (Participation in Giveaway / Sessions)"
Bonus: Pixel20coder awarded 100 points for "Bonus Score (Participation in Giveaway / Sessions)"
Bonus: shanmukhchodagam awarded 100 points for "Bonus Score (Participation in Giveaway / Sessions)"
Bonus: aayishajalal awarded 100 points for "Bonus Score (Participation in Giveaway / Sessions)"
Bonus: shriyanyk awarded 100 points for "Bonus Score (Participation in Giveaway / Sessions)"
Bonus: Ishikacasley14 awarded 100 points for "Bonus Score (Participation in Giveaway / Sessions)"
Bonus: roushnisareen awarded 100 points for "Bonus Score (Participation in Giveaway / Sessions)"
Bonus: Kirti8Singh awarded 100 points for "Bonus Score (Participation in Giveaway / Sessions)"
Bonus: satyajit-patel awarded 100 points for "Bonus Score (Participation in Giveaway / Sessions)"
Bonus: Tirumalashreya awarded 100 points for "Bonus Score (Participation in Giveaway / Sessions)"
Bonus: Ujjwal-Singh-20 awarded 100 points for "Bonus Score (Participation in Giveaway / Sessions)"
Bonus: kumkumverm awarded 100 points for "Bonus Score (Participation in Giveaway / Sessions)"
Bonus: atul812 awarded 100 points for "Bonus Score (Participation in Giveaway / Sessions)"
Bonus: Sparsh2105 awarded 100 points for "Bonus Score (Participation in Giveaway / Sessions)"
Bonus: umarsayed12 awarded 100 points for "Bonus Score (Participation in Giveaway / Sessions)"
Bonus: vagabond-0 awarded 100 points for "Bonus Score (Participation in Giveaway / Sessions)"
Bonus: MANASA-NUKALA awarded 100 points for "Bonus Score (Participation in Giveaway / Sessions)"
Bonus: Aksh-Agrawal awarded 100 points for "Bonus Score (Participation in Giveaway / Sessions)"
Bonus: dheeraxspidey awarded 100 points for "Bonus Score (Participation in Giveaway / Sessions)"
Bonus: AasthaPoswal awarded 100 points for "Bonus Score (Participation in Giveaway / Sessions)"
Bonus: aryannkaushikk awarded 100 points for "Bonus Score (Participation in Giveaway / Sessions)"
Bonus: arjavjain5203 awarded 100 points for "Bonus Score (Participation in Giveaway / Sessions)"
Bonus: Sub-codes awarded 100 points for "Bonus Score (Participation in Giveaway / Sessions)"
Bonus: Surbhiiiiiii awarded 100 points for "Bonus Score (Participation in Giveaway / Sessions)"
Bonus: jayanththalla awarded 100 points for "Bonus Score (Participation in Giveaway / Sessions)"
Bonus: nikhil-agrawal123 awarded 100 points for "Bonus Score (Participation in Giveaway / Sessions)"
Bonus: gourikasoni awarded 100 points for "Bonus Score (Participation in Giveaway / Sessions)"

===== SUMMARY =====
Total qualifying PRs: 1908
Total points awarded: 81390
Total bonus points: 27400
PR points: 53990

===== USER SCORES =====
72897: No qualifying PRs or bonus points
198737: No qualifying PRs or bonus points
adityamaitreya: No qualifying PRs or bonus points
jay1466: No qualifying PRs or bonus points
heykcer: No qualifying PRs or bonus points
Nimisha987: No qualifying PRs or bonus points
vishnukothakapu: 230 points (includes 100 bonus points) (4 PRs)
  - Intermediate: 3 PRs
  - Advanced: 1 PRs
  - Bonus points:
    * 100 points for "Bonus Score (Participation in Giveaway / Sessions)"
Nehakumarigupta: No qualifying PRs or bonus points
ParnaRoyChowdhury777: No qualifying PRs or bonus points
KollaGautami: No qualifying PRs or bonus points
krishagandhi0711: No qualifying PRs or bonus points
Ayushgit51: No qualifying PRs or bonus points
himudit: No qualifying PRs or bonus points
vasanth30672: No qualifying PRs or bonus points
sonuprasad23: No qualifying PRs or bonus points
AasthaPoswal: 130 points (includes 100 bonus points) (1 PRs)
  - Intermediate: 1 PRs
  - Bonus points:
    * 100 points for "Bonus Score (Participation in Giveaway / Sessions)"
G3miniCodes: No qualifying PRs or bonus points
aryarathoree: 160 points (includes 100 bonus points) (2 PRs)
  - Beginner: 1 PRs
  - Advanced: 1 PRs
  - Bonus points:
    * 100 points for "Bonus Score (Participation in Giveaway / Sessions)"
sumandey7684: No qualifying PRs or bonus points
AkshayHaldar: No qualifying PRs or bonus points
Somilg11: 290 points (includes 100 bonus points) (9 PRs)
  - Beginner: 8 PRs
  - Intermediate: 1 PRs
  - Bonus points:
    * 100 points for "Bonus Score (Participation in Giveaway / Sessions)"
anuscaa: No qualifying PRs or bonus points
amaansyed27: 1020 points (includes 100 bonus points) (30 PRs)
  - Beginner: 7 PRs
  - Intermediate: 14 PRs
  - Advanced: 9 PRs
  - Bonus points:
    * 100 points for "Bonus Score (Participation in Giveaway / Sessions)"
tamatar-23: No qualifying PRs or bonus points
adityas72: No qualifying PRs or bonus points
MeghanaDG04: No qualifying PRs or bonus points
Lakshya0104: No qualifying PRs or bonus points
Neha-Singh-j: 180 points (includes 100 bonus points) (4 PRs)
  - Beginner: 4 PRs
  - Bonus points:
    * 100 points for "Bonus Score (Participation in Giveaway / Sessions)"
annant2005: No qualifying PRs or bonus points
deepanshi-codes: No qualifying PRs or bonus points
sayan922: 180 points (includes 100 bonus points) (3 PRs)
  - Beginner: 2 PRs
  - Advanced: 1 PRs
  - Bonus points:
    * 100 points for "Bonus Score (Participation in Giveaway / Sessions)"
IamPritamAcharya: 390 points (includes 100 bonus points) (8 PRs)
  - Intermediate: 3 PRs
  - Advanced: 5 PRs
  - Bonus points:
    * 100 points for "Bonus Score (Participation in Giveaway / Sessions)"
SanjanaJ20: No qualifying PRs or bonus points
Nithin0306: No qualifying PRs or bonus points
Preksha07-ap: No qualifying PRs or bonus points
HimanshuKabra01: 1280 points (includes 100 bonus points) (53 PRs)
  - Beginner: 42 PRs
  - Intermediate: 10 PRs
  - Advanced: 1 PRs
  - Bonus points:
    * 100 points for "Bonus Score (Participation in Giveaway / Sessions)"
Sarvesh221007: No qualifying PRs or bonus points
sourav0006: No qualifying PRs or bonus points
Anujanthwal-dotcom: 170 points (includes 100 bonus points) (3 PRs)
  - Beginner: 2 PRs
  - Intermediate: 1 PRs
  - Bonus points:
    * 100 points for "Bonus Score (Participation in Giveaway / Sessions)"
Aditya-Roy-code: No qualifying PRs or bonus points
mahakagarwal45: No qualifying PRs or bonus points
OJASWANI-tech: No qualifying PRs or bonus points
parshvi1508: No qualifying PRs or bonus points
Syed-Shamsheer-Ali: No qualifying PRs or bonus points
aryannkaushikk: 120 points (includes 100 bonus points) (1 PRs)
  - Beginner: 1 PRs
  - Bonus points:
    * 100 points for "Bonus Score (Participation in Giveaway / Sessions)"
Ayush170306: No qualifying PRs or bonus points
SHlok06majmundar: No qualifying PRs or bonus points
Aadiarya0: No qualifying PRs or bonus points
TechieRuchitaJ: No qualifying PRs or bonus points
Sowmyadevalla2005: No qualifying PRs or bonus points
Mahisingh3012: No qualifying PRs or bonus points
KeshavX3: No qualifying PRs or bonus points
codexuttam: No qualifying PRs or bonus points
Kanha122: No qualifying PRs or bonus points
Terrich-hash: No qualifying PRs or bonus points
agniva1803: No qualifying PRs or bonus points
dhivagd: No qualifying PRs or bonus points
ashish2216499: No qualifying PRs or bonus points
Meetjain1: No qualifying PRs or bonus points
richadubeyess: No qualifying PRs or bonus points
RishabhAggarwal613: No qualifying PRs or bonus points
THE-DEEPDAS: No qualifying PRs or bonus points
khushirawat2004: No qualifying PRs or bonus points
ashimatiwari13: No qualifying PRs or bonus points
Jeetu123-coder: No qualifying PRs or bonus points
dreamerboy92: No qualifying PRs or bonus points
Sachinrautela: No qualifying PRs or bonus points
Er-luffy-d: No qualifying PRs or bonus points
SayantikaLaskar: No qualifying PRs or bonus points
Y4shu: 340 points (includes 100 bonus points) (7 PRs)
  - Beginner: 2 PRs
  - Advanced: 5 PRs
  - Bonus points:
    * 100 points for "Bonus Score (Participation in Giveaway / Sessions)"
erenyeager101: No qualifying PRs or bonus points
Ayirr: No qualifying PRs or bonus points
anikaaggarwal23: No qualifying PRs or bonus points
Er-Afzal: No qualifying PRs or bonus points
Gurashish73: 130 points (includes 100 bonus points) (1 PRs)
  - Intermediate: 1 PRs
  - Bonus points:
    * 100 points for "Bonus Score (Participation in Giveaway / Sessions)"
aartisonigra: No qualifying PRs or bonus points
Sushma-1706: 120 points (includes 100 bonus points) (1 PRs)
  - Beginner: 1 PRs
  - Bonus points:
    * 100 points for "Bonus Score (Participation in Giveaway / Sessions)"
kanik-snippet: 130 points (includes 100 bonus points) (1 PRs)
  - Intermediate: 1 PRs
  - Bonus points:
    * 100 points for "Bonus Score (Participation in Giveaway / Sessions)"
anusha-codes: No qualifying PRs or bonus points
anshuman444: No qualifying PRs or bonus points
kasmya: No qualifying PRs or bonus points
tanvipawase30: No qualifying PRs or bonus points
Dipanita45: 1060 points (includes 100 bonus points) (37 PRs)
  - Beginner: 18 PRs
  - Intermediate: 16 PRs
  - Advanced: 3 PRs
  - Bonus points:
    * 100 points for "Bonus Score (Participation in Giveaway / Sessions)"
sayanMU007: No qualifying PRs or bonus points
IshitaAgrawal-dev: No qualifying PRs or bonus points
BYTEBENDER-ML: No qualifying PRs or bonus points
Yashgpt123: No qualifying PRs or bonus points
Anubhavsingh9905: No qualifying PRs or bonus points
tejaswi194117: No qualifying PRs or bonus points
Vaish-011: No qualifying PRs or bonus points
Manvitha3004: No qualifying PRs or bonus points
sakshig130: No qualifying PRs or bonus points
rudresh05: No qualifying PRs or bonus points
Jayantjha17: No qualifying PRs or bonus points
AbhinaySngh: 160 points (includes 100 bonus points) (3 PRs)
  - Beginner: 3 PRs
  - Bonus points:
    * 100 points for "Bonus Score (Participation in Giveaway / Sessions)"
Kalaigar-Ayesha: No qualifying PRs or bonus points
SRILSHUKLA: 140 points (includes 100 bonus points) (1 PRs)
  - Advanced: 1 PRs
  - Bonus points:
    * 100 points for "Bonus Score (Participation in Giveaway / Sessions)"
Chetanck03: No qualifying PRs or bonus points
ayesha2104: No qualifying PRs or bonus points
beastcodershivam007: No qualifying PRs or bonus points
vinayakpandeya: No qualifying PRs or bonus points
sanskarlohani: 140 points (includes 100 bonus points) (1 PRs)
  - Advanced: 1 PRs
  - Bonus points:
    * 100 points for "Bonus Score (Participation in Giveaway / Sessions)"
manoharbari: No qualifying PRs or bonus points
Tanishq-789: 130 points (includes 100 bonus points) (1 PRs)
  - Intermediate: 1 PRs
  - Bonus points:
    * 100 points for "Bonus Score (Participation in Giveaway / Sessions)"
AbhienayaSri9509: No qualifying PRs or bonus points
hitesh-reddy-k: No qualifying PRs or bonus points
MNaveenReddy123: No qualifying PRs or bonus points
paul-srijan: No qualifying PRs or bonus points
yash-sisodia22: No qualifying PRs or bonus points
iamshubham1704: No qualifying PRs or bonus points
Harishchandra-26: No qualifying PRs or bonus points
Asterioxer: 510 points (includes 100 bonus points) (18 PRs)
  - Beginner: 15 PRs
  - Intermediate: 1 PRs
  - Advanced: 2 PRs
  - Bonus points:
    * 100 points for "Bonus Score (Participation in Giveaway / Sessions)"
samim29: No qualifying PRs or bonus points
rohit-debnath24: 150 points (includes 100 bonus points) (2 PRs)
  - Beginner: 1 PRs
  - Intermediate: 1 PRs
  - Bonus points:
    * 100 points for "Bonus Score (Participation in Giveaway / Sessions)"
Bavanetha27: 580 points (includes 100 bonus points) (15 PRs)
  - Beginner: 3 PRs
  - Intermediate: 6 PRs
  - Advanced: 6 PRs
  - Bonus points:
    * 100 points for "Bonus Score (Participation in Giveaway / Sessions)"
ChinmayaBiswal7: No qualifying PRs or bonus points
Shrey3satdeve: No qualifying PRs or bonus points
Sitaram8472: No qualifying PRs or bonus points
Ariifff: No qualifying PRs or bonus points
ADITYASINGH0175: No qualifying PRs or bonus points
YashChauhan-2303: 180 points (includes 100 bonus points) (3 PRs)
  - Beginner: 1 PRs
  - Intermediate: 2 PRs
  - Bonus points:
    * 100 points for "Bonus Score (Participation in Giveaway / Sessions)"
Laiba-AbdulQuddus: No qualifying PRs or bonus points
SHIV-360: 160 points (includes 100 bonus points) (2 PRs)
  - Intermediate: 2 PRs
  - Bonus points:
    * 100 points for "Bonus Score (Participation in Giveaway / Sessions)"
Shruti1128: No qualifying PRs or bonus points
tanvisatija: No qualifying PRs or bonus points
Megha-sing: 200 points (includes 100 bonus points) (3 PRs)
  - Beginner: 1 PRs
  - Advanced: 2 PRs
  - Bonus points:
    * 100 points for "Bonus Score (Participation in Giveaway / Sessions)"
vishes-i: No qualifying PRs or bonus points
himanshu950: No qualifying PRs or bonus points
goyal-nandini: No qualifying PRs or bonus points
Sai-Dangade777: No qualifying PRs or bonus points
Rakshit002: 130 points (includes 100 bonus points) (1 PRs)
  - Intermediate: 1 PRs
  - Bonus points:
    * 100 points for "Bonus Score (Participation in Giveaway / Sessions)"
VanshRaghav5: No qualifying PRs or bonus points
darkseid03: No qualifying PRs or bonus points
LavanyaBanga: No qualifying PRs or bonus points
Suteexxx: No qualifying PRs or bonus points
yashiiika299: No qualifying PRs or bonus points
Harshawardhan2209: No qualifying PRs or bonus points
Riti2407: No qualifying PRs or bonus points
shreesriv12: 180 points (includes 100 bonus points) (2 PRs)
  - Advanced: 2 PRs
  - Bonus points:
    * 100 points for "Bonus Score (Participation in Giveaway / Sessions)"
Blackdragon04: No qualifying PRs or bonus points
Priyakatariya: 530 points (includes 100 bonus points) (18 PRs)
  - Beginner: 11 PRs
  - Intermediate: 7 PRs
  - Bonus points:
    * 100 points for "Bonus Score (Participation in Giveaway / Sessions)"
vivek459verma: No qualifying PRs or bonus points
Palakpk954: No qualifying PRs or bonus points
pranav-gujar: No qualifying PRs or bonus points
Kushika-Agarwal: No qualifying PRs or bonus points
NityaSriDeepakRaj: No qualifying PRs or bonus points
BalajiMittapalli: 120 points (includes 100 bonus points) (1 PRs)
  - Beginner: 1 PRs
  - Bonus points:
    * 100 points for "Bonus Score (Participation in Giveaway / Sessions)"
Lalitha216: 120 points (includes 100 bonus points) (1 PRs)
  - Beginner: 1 PRs
  - Bonus points:
    * 100 points for "Bonus Score (Participation in Giveaway / Sessions)"
kevaleaditya1: No qualifying PRs or bonus points
akashbisht004: 180 points (includes 100 bonus points) (3 PRs)
  - Beginner: 2 PRs
  - Advanced: 1 PRs
  - Bonus points:
    * 100 points for "Bonus Score (Participation in Giveaway / Sessions)"
Jeenal0818: No qualifying PRs or bonus points
Piyush00715: No qualifying PRs or bonus points
Pradhyumn72: No qualifying PRs or bonus points
Roavinsh: No qualifying PRs or bonus points
rudra-bansal: No qualifying PRs or bonus points
Sumit1122005: No qualifying PRs or bonus points
Akhilnagavelli: No qualifying PRs or bonus points
chehak2004: 120 points (includes 100 bonus points) (1 PRs)
  - Beginner: 1 PRs
  - Bonus points:
    * 100 points for "Bonus Score (Participation in Giveaway / Sessions)"
Ananyaa03: 140 points (includes 100 bonus points) (2 PRs)
  - Beginner: 2 PRs
  - Bonus points:
    * 100 points for "Bonus Score (Participation in Giveaway / Sessions)"
sanjanashah05: No qualifying PRs or bonus points
kimbohlovette: No qualifying PRs or bonus points
kalyanshnu: No qualifying PRs or bonus points
AnishSambhwani8278: 220 points (includes 100 bonus points) (5 PRs)
  - Beginner: 3 PRs
  - Intermediate: 2 PRs
  - Bonus points:
    * 100 points for "Bonus Score (Participation in Giveaway / Sessions)"
Vitalvarma: 160 points (includes 100 bonus points) (3 PRs)
  - Beginner: 3 PRs
  - Bonus points:
    * 100 points for "Bonus Score (Participation in Giveaway / Sessions)"
Ankur2606: No qualifying PRs or bonus points
Aditya-Matta: No qualifying PRs or bonus points
Ashi1411: 160 points (includes 100 bonus points) (3 PRs)
  - Beginner: 3 PRs
  - Bonus points:
    * 100 points for "Bonus Score (Participation in Giveaway / Sessions)"
Samriddhi903: 140 points (includes 100 bonus points) (2 PRs)
  - Beginner: 2 PRs
  - Bonus points:
    * 100 points for "Bonus Score (Participation in Giveaway / Sessions)"
richabudhori: No qualifying PRs or bonus points
Shonal-prog: No qualifying PRs or bonus points
renuvarma67: 200 points (includes 100 bonus points) (3 PRs)
  - Intermediate: 2 PRs
  - Advanced: 1 PRs
  - Bonus points:
    * 100 points for "Bonus Score (Participation in Giveaway / Sessions)"
Kinnariii: No qualifying PRs or bonus points
shivampatkar: No qualifying PRs or bonus points
TanishaBansal101: No qualifying PRs or bonus points
HarshitSeth77: No qualifying PRs or bonus points
HtetPaingLinn: No qualifying PRs or bonus points
pragyakuumarimishra: No qualifying PRs or bonus points
keval025: No qualifying PRs or bonus points
akashadsare: No qualifying PRs or bonus points
pleasecodekomal: No qualifying PRs or bonus points
dheeraxspidey: 140 points (includes 100 bonus points) (1 PRs)
  - Advanced: 1 PRs
  - Bonus points:
    * 100 points for "Bonus Score (Participation in Giveaway / Sessions)"
soasmi: No qualifying PRs or bonus points
sg6724: No qualifying PRs or bonus points
Ankitbhati06: No qualifying PRs or bonus points
kanishgit09: 140 points (includes 100 bonus points) (1 PRs)
  - Advanced: 1 PRs
  - Bonus points:
    * 100 points for "Bonus Score (Participation in Giveaway / Sessions)"
Radi8ion: No qualifying PRs or bonus points
Lavanesswary: No qualifying PRs or bonus points
ManiKumar061: No qualifying PRs or bonus points
madhurgarg01: No qualifying PRs or bonus points
avnish1519: No qualifying PRs or bonus points
priyanshuchawda: No qualifying PRs or bonus points
AdnanSiddiqui95: No qualifying PRs or bonus points
yashdeep370: No qualifying PRs or bonus points
rachelllxo: No qualifying PRs or bonus points
MRohit-2003: 140 points (includes 100 bonus points) (1 PRs)
  - Advanced: 1 PRs
  - Bonus points:
    * 100 points for "Bonus Score (Participation in Giveaway / Sessions)"
abhiraj646: No qualifying PRs or bonus points
GopalDwivedii: 200 points (includes 100 bonus points) (3 PRs)
  - Intermediate: 2 PRs
  - Advanced: 1 PRs
  - Bonus points:
    * 100 points for "Bonus Score (Participation in Giveaway / Sessions)"
Prachii2396: No qualifying PRs or bonus points
kaurpreetman: 260 points (includes 100 bonus points) (4 PRs)
  - Advanced: 4 PRs
  - Bonus points:
    * 100 points for "Bonus Score (Participation in Giveaway / Sessions)"
Tanwarshiva: No qualifying PRs or bonus points
herin7: No qualifying PRs or bonus points
dashmeet2023: No qualifying PRs or bonus points
uzearsheikh: No qualifying PRs or bonus points
gauravjain0377: No qualifying PRs or bonus points
yadavkanishk07: No qualifying PRs or bonus points
Uhashini: No qualifying PRs or bonus points
RishabhV28: No qualifying PRs or bonus points
piyushdhoka: 1000 points (includes 100 bonus points) (41 PRs)
  - Beginner: 35 PRs
  - Intermediate: 4 PRs
  - Advanced: 2 PRs
  - Bonus points:
    * 100 points for "Bonus Score (Participation in Giveaway / Sessions)"
Anjanipatnaik: No qualifying PRs or bonus points
Shubh-Rawat7: No qualifying PRs or bonus points
nupurmadaan04: 220 points (includes 100 bonus points) (5 PRs)
  - Beginner: 3 PRs
  - Intermediate: 2 PRs
  - Bonus points:
    * 100 points for "Bonus Score (Participation in Giveaway / Sessions)"
DarKnight890980: No qualifying PRs or bonus points
HimanshuHeda: No qualifying PRs or bonus points
riyaraj-web: No qualifying PRs or bonus points
tejaskankhar: No qualifying PRs or bonus points
nitin811: No qualifying PRs or bonus points
InMostCalmness-Rahul: 230 points (includes 100 bonus points) (5 PRs)
  - Beginner: 3 PRs
  - Intermediate: 1 PRs
  - Advanced: 1 PRs
  - Bonus points:
    * 100 points for "Bonus Score (Participation in Giveaway / Sessions)"
mr-akash-22: No qualifying PRs or bonus points
aliviahossain: 170 points (includes 100 bonus points) (3 PRs)
  - Beginner: 2 PRs
  - Intermediate: 1 PRs
  - Bonus points:
    * 100 points for "Bonus Score (Participation in Giveaway / Sessions)"
Jashneer: 470 points (includes 100 bonus points) (12 PRs)
  - Beginner: 2 PRs
  - Intermediate: 7 PRs
  - Advanced: 3 PRs
  - Bonus points:
    * 100 points for "Bonus Score (Participation in Giveaway / Sessions)"
Anuragsrivastava508: No qualifying PRs or bonus points
rashmeet1896: No qualifying PRs or bonus points
Atlantafiles: No qualifying PRs or bonus points
Khushi-bhaskar01: No qualifying PRs or bonus points
Vanshaj14Mohan: No qualifying PRs or bonus points
ojasvsingh71: No qualifying PRs or bonus points
titasgarai: No qualifying PRs or bonus points
Arnab-dot: No qualifying PRs or bonus points
AkshithaMuttangi: 140 points (includes 100 bonus points) (1 PRs)
  - Advanced: 1 PRs
  - Bonus points:
    * 100 points for "Bonus Score (Participation in Giveaway / Sessions)"
pratheekv39: No qualifying PRs or bonus points
harshithabs109: No qualifying PRs or bonus points
Diwansu-pilania: No qualifying PRs or bonus points
k-shushh: No qualifying PRs or bonus points
pahimauchil: 250 points (includes 100 bonus points) (6 PRs)
  - Beginner: 3 PRs
  - Intermediate: 3 PRs
  - Bonus points:
    * 100 points for "Bonus Score (Participation in Giveaway / Sessions)"
otAdarshP: No qualifying PRs or bonus points
gemmishra: No qualifying PRs or bonus points
GxAditya: 320 points (includes 100 bonus points) (7 PRs)
  - Beginner: 2 PRs
  - Intermediate: 2 PRs
  - Advanced: 3 PRs
  - Bonus points:
    * 100 points for "Bonus Score (Participation in Giveaway / Sessions)"
pushkar-web: No qualifying PRs or bonus points
methrearchana: No qualifying PRs or bonus points
ItsMeAnanyaSrivastava: 250 points (includes 100 bonus points) (6 PRs)
  - Beginner: 4 PRs
  - Intermediate: 1 PRs
  - Advanced: 1 PRs
  - Bonus points:
    * 100 points for "Bonus Score (Participation in Giveaway / Sessions)"
Akshita-2006: No qualifying PRs or bonus points
SandipGhorai-max: No qualifying PRs or bonus points
Konikakonika: No qualifying PRs or bonus points
Pranjali-2004: No qualifying PRs or bonus points
nishantrana07: No qualifying PRs or bonus points
yashsharmapvt79: No qualifying PRs or bonus points
dhananjay4554: No qualifying PRs or bonus points
kumkumverm: 180 points (includes 100 bonus points) (4 PRs)
  - Beginner: 4 PRs
  - Bonus points:
    * 100 points for "Bonus Score (Participation in Giveaway / Sessions)"
SumitRathore23: No qualifying PRs or bonus points
shwet91-cyber: No qualifying PRs or bonus points
abhilash-0913: No qualifying PRs or bonus points
gupta-ritik: No qualifying PRs or bonus points
AnoushkaSamanta: 170 points (includes 100 bonus points) (3 PRs)
  - Beginner: 2 PRs
  - Intermediate: 1 PRs
  - Bonus points:
    * 100 points for "Bonus Score (Participation in Giveaway / Sessions)"
Akshit0707: No qualifying PRs or bonus points
shreenn: No qualifying PRs or bonus points
BhavanaGupta1st: No qualifying PRs or bonus points
LakshayD02: No qualifying PRs or bonus points
Tripti213: No qualifying PRs or bonus points
Shubhamcch: No qualifying PRs or bonus points
trahulprabhu38: No qualifying PRs or bonus points
amishagupta31: No qualifying PRs or bonus points
janvi2108: No qualifying PRs or bonus points
rahulmani-28: No qualifying PRs or bonus points
saivamshi4121: No qualifying PRs or bonus points
simantasarma: No qualifying PRs or bonus points
RedK22: No qualifying PRs or bonus points
rajvardhant: No qualifying PRs or bonus points
pranao0609: No qualifying PRs or bonus points
techy-snehali-07: No qualifying PRs or bonus points
nihalsareddy: No qualifying PRs or bonus points
saoud30: No qualifying PRs or bonus points
adwityac: 210 points (includes 100 bonus points) (4 PRs)
  - Beginner: 1 PRs
  - Intermediate: 3 PRs
  - Bonus points:
    * 100 points for "Bonus Score (Participation in Giveaway / Sessions)"
muskankhan21052003-byte: No qualifying PRs or bonus points
DivyaBarnwal21: No qualifying PRs or bonus points
Siddhi-31: No qualifying PRs or bonus points
VJLIVE: 970 points (includes 100 bonus points) (32 PRs)
  - Beginner: 15 PRs
  - Intermediate: 11 PRs
  - Advanced: 6 PRs
  - Bonus points:
    * 100 points for "Bonus Score (Participation in Giveaway / Sessions)"
AnuranjanJain: No qualifying PRs or bonus points
Ronnit44: 640 points (includes 100 bonus points) (25 PRs)
  - Beginner: 21 PRs
  - Intermediate: 4 PRs
  - Bonus points:
    * 100 points for "Bonus Score (Participation in Giveaway / Sessions)"
Priyanshiunique: 150 points (includes 100 bonus points) (2 PRs)
  - Beginner: 1 PRs
  - Intermediate: 1 PRs
  - Bonus points:
    * 100 points for "Bonus Score (Participation in Giveaway / Sessions)"
Gauravsinghrajputt: No qualifying PRs or bonus points
rohitshankar12: No qualifying PRs or bonus points
Sanskriti-Saran: No qualifying PRs or bonus points
saaranshg: No qualifying PRs or bonus points
chayanC7mondal: No qualifying PRs or bonus points
manishgithubri: No qualifying PRs or bonus points
dinesh-2047: 1260 points (includes 100 bonus points) (49 PRs)
  - Beginner: 34 PRs
  - Intermediate: 12 PRs
  - Advanced: 3 PRs
  - Bonus points:
    * 100 points for "Bonus Score (Participation in Giveaway / Sessions)"
modiraunak: No qualifying PRs or bonus points
Payel647: No qualifying PRs or bonus points
Jotthecode: No qualifying PRs or bonus points
Mayank-Shukla-26: No qualifying PRs or bonus points
Vaishnavi-Janjanam: No qualifying PRs or bonus points
thynash: No qualifying PRs or bonus points
Divya8210-d: No qualifying PRs or bonus points
Paparx: No qualifying PRs or bonus points
varunkumarcs22055: No qualifying PRs or bonus points
jatinkaushik-jk: No qualifying PRs or bonus points
SUPREME-AKASH-DEVELOPER: No qualifying PRs or bonus points
pkbros: 170 points (includes 100 bonus points) (2 PRs)
  - Intermediate: 1 PRs
  - Advanced: 1 PRs
  - Bonus points:
    * 100 points for "Bonus Score (Participation in Giveaway / Sessions)"
predator-911: No qualifying PRs or bonus points
dharanireddydadi: No qualifying PRs or bonus points
itz-nirmal: No qualifying PRs or bonus points
bwbeas: 210 points (includes 100 bonus points) (4 PRs)
  - Beginner: 2 PRs
  - Intermediate: 1 PRs
  - Advanced: 1 PRs
  - Bonus points:
    * 100 points for "Bonus Score (Participation in Giveaway / Sessions)"
Apurba-01: 340 points (includes 100 bonus points) (11 PRs)
  - Beginner: 9 PRs
  - Intermediate: 2 PRs
  - Bonus points:
    * 100 points for "Bonus Score (Participation in Giveaway / Sessions)"
ayushsin9h: No qualifying PRs or bonus points
Esheshwari: No qualifying PRs or bonus points
Anshul117: No qualifying PRs or bonus points
muskan8006: No qualifying PRs or bonus points
anusha-kr01: No qualifying PRs or bonus points
shreya22070: No qualifying PRs or bonus points
Vanshika110: No qualifying PRs or bonus points
Shaheen614: No qualifying PRs or bonus points
Mohamad-Owais: 170 points (includes 100 bonus points) (3 PRs)
  - Beginner: 2 PRs
  - Intermediate: 1 PRs
  - Bonus points:
    * 100 points for "Bonus Score (Participation in Giveaway / Sessions)"
ashwin-kumar9405: No qualifying PRs or bonus points
mihika1110: No qualifying PRs or bonus points
Divyakumari18: No qualifying PRs or bonus points
b21renu: No qualifying PRs or bonus points
MehulDev0228: No qualifying PRs or bonus points
Fatimaq07: No qualifying PRs or bonus points
Vartekalohiya13: 160 points (includes 100 bonus points) (2 PRs)
  - Intermediate: 2 PRs
  - Bonus points:
    * 100 points for "Bonus Score (Participation in Giveaway / Sessions)"
Manoj-ruler: No qualifying PRs or bonus points
pari3654: 160 points (includes 100 bonus points) (3 PRs)
  - Beginner: 3 PRs
  - Bonus points:
    * 100 points for "Bonus Score (Participation in Giveaway / Sessions)"
rutuglave2519: No qualifying PRs or bonus points
akshita-cyber: No qualifying PRs or bonus points
shreyansh-hacker: No qualifying PRs or bonus points
naveenmvoff: 130 points (includes 100 bonus points) (1 PRs)
  - Intermediate: 1 PRs
  - Bonus points:
    * 100 points for "Bonus Score (Participation in Giveaway / Sessions)"
kavitha308: 150 points (includes 100 bonus points) (2 PRs)
  - Beginner: 1 PRs
  - Intermediate: 1 PRs
  - Bonus points:
    * 100 points for "Bonus Score (Participation in Giveaway / Sessions)"
VasuGx: No qualifying PRs or bonus points
Vishisht-Dwivedi: 220 points (includes 100 bonus points) (4 PRs)
  - Beginner: 1 PRs
  - Intermediate: 2 PRs
  - Advanced: 1 PRs
  - Bonus points:
    * 100 points for "Bonus Score (Participation in Giveaway / Sessions)"
Varshini-Buggana: No qualifying PRs or bonus points
Shambhujadhav4: No qualifying PRs or bonus points
Shreya-Gupta-SG: 120 points (includes 100 bonus points) (1 PRs)
  - Beginner: 1 PRs
  - Bonus points:
    * 100 points for "Bonus Score (Participation in Giveaway / Sessions)"
archangel2006: 500 points (includes 100 bonus points) (14 PRs)
  - Beginner: 5 PRs
  - Intermediate: 6 PRs
  - Advanced: 3 PRs
  - Bonus points:
    * 100 points for "Bonus Score (Participation in Giveaway / Sessions)"
nithin434: No qualifying PRs or bonus points
aasthax1: No qualifying PRs or bonus points
ShifanaRajamohamed: No qualifying PRs or bonus points
ssz2605: 140 points (includes 100 bonus points) (1 PRs)
  - Advanced: 1 PRs
  - Bonus points:
    * 100 points for "Bonus Score (Participation in Giveaway / Sessions)"
Mayukh-001: No qualifying PRs or bonus points
SHreyanSH-0: 180 points (includes 100 bonus points) (4 PRs)
  - Beginner: 4 PRs
  - Bonus points:
    * 100 points for "Bonus Score (Participation in Giveaway / Sessions)"
Akay-saifi: No qualifying PRs or bonus points
ayush-33: No qualifying PRs or bonus points
Parul-Byte: No qualifying PRs or bonus points
kanikaa-3018: No qualifying PRs or bonus points
Shubham-Kanyal: No qualifying PRs or bonus points
Samiran2004: 230 points (includes 100 bonus points) (4 PRs)
  - Beginner: 1 PRs
  - Intermediate: 1 PRs
  - Advanced: 2 PRs
  - Bonus points:
    * 100 points for "Bonus Score (Participation in Giveaway / Sessions)"
kr8865: No qualifying PRs or bonus points
ssid18: 140 points (includes 100 bonus points) (2 PRs)
  - Beginner: 2 PRs
  - Bonus points:
    * 100 points for "Bonus Score (Participation in Giveaway / Sessions)"
Chhavi0104: No qualifying PRs or bonus points
ABHILASH9519: No qualifying PRs or bonus points
03-SudheshnaReddy: No qualifying PRs or bonus points
TejaswiMahadev: No qualifying PRs or bonus points
Durgesh4254: No qualifying PRs or bonus points
Saurabhjk15: 140 points (includes 100 bonus points) (1 PRs)
  - Advanced: 1 PRs
  - Bonus points:
    * 100 points for "Bonus Score (Participation in Giveaway / Sessions)"
sumit2221-div: No qualifying PRs or bonus points
AbhiSingh05: No qualifying PRs or bonus points
arjavjain5203: 120 points (includes 100 bonus points) (1 PRs)
  - Beginner: 1 PRs
  - Bonus points:
    * 100 points for "Bonus Score (Participation in Giveaway / Sessions)"
calebjubal: No qualifying PRs or bonus points
ShrivastvAryan: No qualifying PRs or bonus points
VAGISHA-47: No qualifying PRs or bonus points
ashumishra069: No qualifying PRs or bonus points
YASHJAIN1112: No qualifying PRs or bonus points
aniket0807: No qualifying PRs or bonus points
ri5hika: No qualifying PRs or bonus points
Siddhi-Nagapure-5: No qualifying PRs or bonus points
tentasan: No qualifying PRs or bonus points
Tushar-senpai: 190 points (includes 100 bonus points) (3 PRs)
  - Beginner: 1 PRs
  - Intermediate: 1 PRs
  - Advanced: 1 PRs
  - Bonus points:
    * 100 points for "Bonus Score (Participation in Giveaway / Sessions)"
Nevil1234: No qualifying PRs or bonus points
Akshaya2720: No qualifying PRs or bonus points
sohumvenkatadri7: No qualifying PRs or bonus points
codertanya03: No qualifying PRs or bonus points
Soumyosish: 470 points (includes 100 bonus points) (15 PRs)
  - Beginner: 8 PRs
  - Intermediate: 7 PRs
  - Bonus points:
    * 100 points for "Bonus Score (Participation in Giveaway / Sessions)"
MaulikGupta27: 1510 points (includes 100 bonus points) (52 PRs)
  - Beginner: 30 PRs
  - Intermediate: 7 PRs
  - Advanced: 15 PRs
  - Bonus points:
    * 100 points for "Bonus Score (Participation in Giveaway / Sessions)"
PalakSinha2505: No qualifying PRs or bonus points
bhartiamulya: No qualifying PRs or bonus points
aashutoshkumarbhardwaj: No qualifying PRs or bonus points
Drishti-25: No qualifying PRs or bonus points
silakini3116: No qualifying PRs or bonus points
tanvi0909: No qualifying PRs or bonus points
Akchive: No qualifying PRs or bonus points
itsKanika: No qualifying PRs or bonus points
mudit108-code: No qualifying PRs or bonus points
Abhinaytechie: No qualifying PRs or bonus points
aksh1009: No qualifying PRs or bonus points
chandikasarkar: No qualifying PRs or bonus points
Hritikverma018: No qualifying PRs or bonus points
mav01-code: 120 points (includes 100 bonus points) (1 PRs)
  - Beginner: 1 PRs
  - Bonus points:
    * 100 points for "Bonus Score (Participation in Giveaway / Sessions)"
SanjayUG: No qualifying PRs or bonus points
Samiksha-bajoria: 160 points (includes 100 bonus points) (3 PRs)
  - Beginner: 3 PRs
  - Bonus points:
    * 100 points for "Bonus Score (Participation in Giveaway / Sessions)"
VanshGosavi07: No qualifying PRs or bonus points
Giradhar744: No qualifying PRs or bonus points
gatlaharshada: No qualifying PRs or bonus points
akhileshverma92: No qualifying PRs or bonus points
shrutikeshri2021: No qualifying PRs or bonus points
xaemonn: No qualifying PRs or bonus points
abhi0324: No qualifying PRs or bonus points
Vaishno17: No qualifying PRs or bonus points
Dipan2004: No qualifying PRs or bonus points
Arni005: No qualifying PRs or bonus points
gauravanand809: No qualifying PRs or bonus points
lerisa1112: No qualifying PRs or bonus points
ThulasiPriyaS: 210 points (includes 100 bonus points) (3 PRs)
  - Intermediate: 1 PRs
  - Advanced: 2 PRs
  - Bonus points:
    * 100 points for "Bonus Score (Participation in Giveaway / Sessions)"
Ranganivandan: 120 points (includes 100 bonus points) (1 PRs)
  - Beginner: 1 PRs
  - Bonus points:
    * 100 points for "Bonus Score (Participation in Giveaway / Sessions)"
Samridhi-2007: 170 points (includes 100 bonus points) (3 PRs)
  - Beginner: 2 PRs
  - Intermediate: 1 PRs
  - Bonus points:
    * 100 points for "Bonus Score (Participation in Giveaway / Sessions)"
Saitej5181: No qualifying PRs or bonus points
Athenavar: No qualifying PRs or bonus points
Vadrevuharipriya: No qualifying PRs or bonus points
Shoury-Rana: 300 points (includes 100 bonus points) (6 PRs)
  - Beginner: 1 PRs
  - Intermediate: 2 PRs
  - Advanced: 3 PRs
  - Bonus points:
    * 100 points for "Bonus Score (Participation in Giveaway / Sessions)"
HarshitaDeewan9: No qualifying PRs or bonus points
chanukyalucky: No qualifying PRs or bonus points
Saafin000: No qualifying PRs or bonus points
Paddu909: No qualifying PRs or bonus points
soha160: No qualifying PRs or bonus points
Joystonm: 180 points (includes 100 bonus points) (3 PRs)
  - Beginner: 1 PRs
  - Intermediate: 2 PRs
  - Bonus points:
    * 100 points for "Bonus Score (Participation in Giveaway / Sessions)"
Ankit2023-git: No qualifying PRs or bonus points
Deepakfile: No qualifying PRs or bonus points
vignesh19032005: No qualifying PRs or bonus points
sneha842: 190 points (includes 100 bonus points) (3 PRs)
  - Beginner: 1 PRs
  - Intermediate: 1 PRs
  - Advanced: 1 PRs
  - Bonus points:
    * 100 points for "Bonus Score (Participation in Giveaway / Sessions)"
Siri-026: 150 points (includes 100 bonus points) (2 PRs)
  - Beginner: 1 PRs
  - Intermediate: 1 PRs
  - Bonus points:
    * 100 points for "Bonus Score (Participation in Giveaway / Sessions)"
Yashbhu: No qualifying PRs or bonus points
amitya369: No qualifying PRs or bonus points
Arjun140205: No qualifying PRs or bonus points
Waliamohini: No qualifying PRs or bonus points
rishabh-397: No qualifying PRs or bonus points
5uhani: No qualifying PRs or bonus points
singh-deepanshu-578: No qualifying PRs or bonus points
rashikanaruka: No qualifying PRs or bonus points
zerotwoadarsh: No qualifying PRs or bonus points
Mehakt01: No qualifying PRs or bonus points
khushbuusingh: No qualifying PRs or bonus points
shbhmexe: No qualifying PRs or bonus points
shreyagaur-10: No qualifying PRs or bonus points
Hima0611: No qualifying PRs or bonus points
jyotsna030: 220 points (includes 100 bonus points) (5 PRs)
  - Beginner: 3 PRs
  - Intermediate: 2 PRs
  - Bonus points:
    * 100 points for "Bonus Score (Participation in Giveaway / Sessions)"
Shyla09: No qualifying PRs or bonus points
niyatij30: No qualifying PRs or bonus points
Kasak02: No qualifying PRs or bonus points
Namanbanshiwala: 140 points (includes 100 bonus points) (1 PRs)
  - Advanced: 1 PRs
  - Bonus points:
    * 100 points for "Bonus Score (Participation in Giveaway / Sessions)"
shavy1910: No qualifying PRs or bonus points
aarushitandon0: No qualifying PRs or bonus points
saiusesgithub: No qualifying PRs or bonus points
Rishitha-32: No qualifying PRs or bonus points
GauravKarakoti: 260 points (includes 100 bonus points) (5 PRs)
  - Beginner: 1 PRs
  - Intermediate: 2 PRs
  - Advanced: 2 PRs
  - Bonus points:
    * 100 points for "Bonus Score (Participation in Giveaway / Sessions)"
ac3065: No qualifying PRs or bonus points
HARSHMOHAN01: 500 points (includes 100 bonus points) (14 PRs)
  - Beginner: 8 PRs
  - Advanced: 6 PRs
  - Bonus points:
    * 100 points for "Bonus Score (Participation in Giveaway / Sessions)"
ARCoder181105: No qualifying PRs or bonus points
Code-writter: 400 points (includes 100 bonus points) (10 PRs)
  - Beginner: 3 PRs
  - Intermediate: 4 PRs
  - Advanced: 3 PRs
  - Bonus points:
    * 100 points for "Bonus Score (Participation in Giveaway / Sessions)"
Harshita-HKumawat: No qualifying PRs or bonus points
Nazeya86: No qualifying PRs or bonus points
MohammedArif9092: No qualifying PRs or bonus points
ritik-123456: No qualifying PRs or bonus points
imBharathkumarp: 430 points (includes 100 bonus points) (13 PRs)
  - Beginner: 7 PRs
  - Intermediate: 5 PRs
  - Advanced: 1 PRs
  - Bonus points:
    * 100 points for "Bonus Score (Participation in Giveaway / Sessions)"
sania0607: 140 points (includes 100 bonus points) (2 PRs)
  - Beginner: 2 PRs
  - Bonus points:
    * 100 points for "Bonus Score (Participation in Giveaway / Sessions)"
SrigadaAkshayKumar: 140 points (includes 100 bonus points) (2 PRs)
  - Beginner: 2 PRs
  - Bonus points:
    * 100 points for "Bonus Score (Participation in Giveaway / Sessions)"
ritesh-raushan: No qualifying PRs or bonus points
sagarchauhan2516: No qualifying PRs or bonus points
sasolanki03: No qualifying PRs or bonus points
adarsh123pa: No qualifying PRs or bonus points
nagendrareddy-medapati: No qualifying PRs or bonus points
Ankita-Kumari0309: No qualifying PRs or bonus points
Karmishthap: No qualifying PRs or bonus points
Rajendra078: No qualifying PRs or bonus points
jhaabhijeet864: No qualifying PRs or bonus points
SrinithaBasireddy: No qualifying PRs or bonus points
Antara-code19: No qualifying PRs or bonus points
saminadamn: No qualifying PRs or bonus points
DivyaMandve: 130 points (includes 100 bonus points) (1 PRs)
  - Intermediate: 1 PRs
  - Bonus points:
    * 100 points for "Bonus Score (Participation in Giveaway / Sessions)"
kiran797979: No qualifying PRs or bonus points
pushkarsinghh: No qualifying PRs or bonus points
Nandinikumari02: 140 points (includes 100 bonus points) (2 PRs)
  - Beginner: 2 PRs
  - Bonus points:
    * 100 points for "Bonus Score (Participation in Giveaway / Sessions)"
mansiruhil: 130 points (includes 100 bonus points) (1 PRs)
  - Intermediate: 1 PRs
  - Bonus points:
    * 100 points for "Bonus Score (Participation in Giveaway / Sessions)"
Amcodeit: No qualifying PRs or bonus points
Richasharma03: No qualifying PRs or bonus points
Yash-Karakoti: No qualifying PRs or bonus points
Jahnavi-de: 180 points (includes 100 bonus points) (3 PRs)
  - Beginner: 1 PRs
  - Intermediate: 2 PRs
  - Bonus points:
    * 100 points for "Bonus Score (Participation in Giveaway / Sessions)"
Rakza31: No qualifying PRs or bonus points
Guruprasad-11: No qualifying PRs or bonus points
deekshith-b48: No qualifying PRs or bonus points
batmnnn: No qualifying PRs or bonus points
Twinkleigdtuw: No qualifying PRs or bonus points
Rohitku10: No qualifying PRs or bonus points
sushmithashettigar29: 120 points (includes 100 bonus points) (1 PRs)
  - Beginner: 1 PRs
  - Bonus points:
    * 100 points for "Bonus Score (Participation in Giveaway / Sessions)"
anshumalapandit: No qualifying PRs or bonus points
LittleCodr: No qualifying PRs or bonus points
Gargibajpai: 210 points (includes 100 bonus points) (5 PRs)
  - Beginner: 4 PRs
  - Intermediate: 1 PRs
  - Bonus points:
    * 100 points for "Bonus Score (Participation in Giveaway / Sessions)"
DeadpoolX7: 250 points (includes 100 bonus points) (5 PRs)
  - Beginner: 2 PRs
  - Intermediate: 1 PRs
  - Advanced: 2 PRs
  - Bonus points:
    * 100 points for "Bonus Score (Participation in Giveaway / Sessions)"
NitikaSheoran: No qualifying PRs or bonus points
Soumadeep1221: No qualifying PRs or bonus points
rishithadasari2005: No qualifying PRs or bonus points
Bhaanavee: 180 points (includes 100 bonus points) (3 PRs)
  - Beginner: 2 PRs
  - Advanced: 1 PRs
  - Bonus points:
    * 100 points for "Bonus Score (Participation in Giveaway / Sessions)"
2006pritam: No qualifying PRs or bonus points
aryan10092: No qualifying PRs or bonus points
Vrajc: No qualifying PRs or bonus points
AditiGupta-tech: No qualifying PRs or bonus points
kotlalokeshwari098: 160 points (includes 100 bonus points) (3 PRs)
  - Beginner: 3 PRs
  - Bonus points:
    * 100 points for "Bonus Score (Participation in Giveaway / Sessions)"
Sagolsa78: No qualifying PRs or bonus points
vineela-bollineni: No qualifying PRs or bonus points
yendlurisony: No qualifying PRs or bonus points
AnujUpadhayay07: No qualifying PRs or bonus points
11neeja: No qualifying PRs or bonus points
Aaryandhage: 160 points (includes 100 bonus points) (2 PRs)
  - Beginner: 1 PRs
  - Advanced: 1 PRs
  - Bonus points:
    * 100 points for "Bonus Score (Participation in Giveaway / Sessions)"
sahukrishna27: No qualifying PRs or bonus points
arthavjain103: 690 points (includes 100 bonus points) (25 PRs)
  - Beginner: 18 PRs
  - Intermediate: 5 PRs
  - Advanced: 2 PRs
  - Bonus points:
    * 100 points for "Bonus Score (Participation in Giveaway / Sessions)"
projects: No qualifying PRs or bonus points
LAWSA07: No qualifying PRs or bonus points
AnvitaPrasad: No qualifying PRs or bonus points
Sherone2563: No qualifying PRs or bonus points
Aryan5hukla: No qualifying PRs or bonus points
Bhupendrakumar20: No qualifying PRs or bonus points
msifran: No qualifying PRs or bonus points
Amisha-sinoban: No qualifying PRs or bonus points
Army-cloud-95: No qualifying PRs or bonus points
RichaBharti0603: No qualifying PRs or bonus points
aayushmishramechatronics: No qualifying PRs or bonus points
AgnideepPoddar: No qualifying PRs or bonus points
SuhaniKaushal: No qualifying PRs or bonus points
Harshtiwari2-TIT: No qualifying PRs or bonus points
Code-Rachit: No qualifying PRs or bonus points
yayyyyshi: No qualifying PRs or bonus points
arpitsehal: 130 points (includes 100 bonus points) (1 PRs)
  - Intermediate: 1 PRs
  - Bonus points:
    * 100 points for "Bonus Score (Participation in Giveaway / Sessions)"
1203gauri: No qualifying PRs or bonus points
Shrehitha: No qualifying PRs or bonus points
mdaadil786: No qualifying PRs or bonus points
Naimish08: No qualifying PRs or bonus points
anirudhehe: No qualifying PRs or bonus points
ROOPAS1825: No qualifying PRs or bonus points
Ayush-uk: No qualifying PRs or bonus points
nashdev97: No qualifying PRs or bonus points
suranjanamuahaha: No qualifying PRs or bonus points
kamranahmad786: No qualifying PRs or bonus points
bhargavi1608: No qualifying PRs or bonus points
Aditya20032004: No qualifying PRs or bonus points
AshutoshSingh058: 240 points (includes 100 bonus points) (5 PRs)
  - Beginner: 1 PRs
  - Intermediate: 4 PRs
  - Bonus points:
    * 100 points for "Bonus Score (Participation in Giveaway / Sessions)"
Anshulgupta280104: No qualifying PRs or bonus points
BhavanaTiwari16: No qualifying PRs or bonus points
ShezaAnam08: No qualifying PRs or bonus points
Palak2506: No qualifying PRs or bonus points
Sanskriti10247: No qualifying PRs or bonus points
suto6: No qualifying PRs or bonus points
Chakrika2004: No qualifying PRs or bonus points
Arnabzone: No qualifying PRs or bonus points
sujal-ece28: No qualifying PRs or bonus points
Sub-codes: 120 points (includes 100 bonus points) (1 PRs)
  - Beginner: 1 PRs
  - Bonus points:
    * 100 points for "Bonus Score (Participation in Giveaway / Sessions)"
Charul192: No qualifying PRs or bonus points
DarshiniKurasa: No qualifying PRs or bonus points
Mrityunjya: No qualifying PRs or bonus points
daredevil17052004: No qualifying PRs or bonus points
shubhreeka: No qualifying PRs or bonus points
tanu91112: 990 points (includes 100 bonus points) (31 PRs)
  - Beginner: 11 PRs
  - Intermediate: 13 PRs
  - Advanced: 7 PRs
  - Bonus points:
    * 100 points for "Bonus Score (Participation in Giveaway / Sessions)"
OmkarKale453: No qualifying PRs or bonus points
shrutisachan08: 190 points (includes 100 bonus points) (3 PRs)
  - Beginner: 1 PRs
  - Intermediate: 1 PRs
  - Advanced: 1 PRs
  - Bonus points:
    * 100 points for "Bonus Score (Participation in Giveaway / Sessions)"
garvit-exe: No qualifying PRs or bonus points
satnamalhan: No qualifying PRs or bonus points
Lavi-hk: 190 points (includes 100 bonus points) (4 PRs)
  - Beginner: 3 PRs
  - Intermediate: 1 PRs
  - Bonus points:
    * 100 points for "Bonus Score (Participation in Giveaway / Sessions)"
ayushirochi21: No qualifying PRs or bonus points
dhruvi2403: No qualifying PRs or bonus points
rayanakarthikeyan: No qualifying PRs or bonus points
kumaradarsh2: No qualifying PRs or bonus points
Sauravkrgithub: No qualifying PRs or bonus points
Parth-bot-crypto26: No qualifying PRs or bonus points
SONISOMYA: No qualifying PRs or bonus points
laxmipriyasahoo1705: No qualifying PRs or bonus points
RahulDasari1: No qualifying PRs or bonus points
rupinderkaur03: No qualifying PRs or bonus points
MANISHLINGADEVARU: No qualifying PRs or bonus points
Abhilash332: No qualifying PRs or bonus points
Surbhiiiiiii: 120 points (includes 100 bonus points) (1 PRs)
  - Beginner: 1 PRs
  - Bonus points:
    * 100 points for "Bonus Score (Participation in Giveaway / Sessions)"
Alien0427: No qualifying PRs or bonus points
adiancodes: No qualifying PRs or bonus points
mohan182004: No qualifying PRs or bonus points
divy-03: No qualifying PRs or bonus points
kg7825881: No qualifying PRs or bonus points
varun935: 130 points (includes 100 bonus points) (1 PRs)
  - Intermediate: 1 PRs
  - Bonus points:
    * 100 points for "Bonus Score (Participation in Giveaway / Sessions)"
alphabet28: No qualifying PRs or bonus points
anuvind570: 140 points (includes 100 bonus points) (2 PRs)
  - Beginner: 2 PRs
  - Bonus points:
    * 100 points for "Bonus Score (Participation in Giveaway / Sessions)"
Shivang-dadhich: No qualifying PRs or bonus points
Ramharsh-aidev: No qualifying PRs or bonus points
ZakiyaMiller: No qualifying PRs or bonus points
Surajhub21: No qualifying PRs or bonus points
Sparsh2105: 170 points (includes 100 bonus points) (2 PRs)
  - Intermediate: 1 PRs
  - Advanced: 1 PRs
  - Bonus points:
    * 100 points for "Bonus Score (Participation in Giveaway / Sessions)"
prince803tiwari: No qualifying PRs or bonus points
sumitchopkar2005: No qualifying PRs or bonus points
anshi894: No qualifying PRs or bonus points
ankur1409: No qualifying PRs or bonus points
agrixm: No qualifying PRs or bonus points
s4chinjha: 500 points (includes 100 bonus points) (10 PRs)
  - Advanced: 10 PRs
  - Bonus points:
    * 100 points for "Bonus Score (Participation in Giveaway / Sessions)"
bhavya21A: No qualifying PRs or bonus points
MansiKarki: No qualifying PRs or bonus points
vanshaj2023: No qualifying PRs or bonus points
mahi-pandey: No qualifying PRs or bonus points
ESTROC: No qualifying PRs or bonus points
AskitEndo: 180 points (includes 100 bonus points) (3 PRs)
  - Beginner: 2 PRs
  - Advanced: 1 PRs
  - Bonus points:
    * 100 points for "Bonus Score (Participation in Giveaway / Sessions)"
Anjali096: No qualifying PRs or bonus points
tutankhaman: No qualifying PRs or bonus points
04arvind: No qualifying PRs or bonus points
Divya4879: No qualifying PRs or bonus points
prashanttyson: No qualifying PRs or bonus points
BLOOD0769: No qualifying PRs or bonus points
Subashree-selvaraj: No qualifying PRs or bonus points
rhythm298: No qualifying PRs or bonus points
Kamleshsaini1118: No qualifying PRs or bonus points
Samyak-Waghmare: No qualifying PRs or bonus points
cout-Tushar: No qualifying PRs or bonus points
Yogeshnema2412: No qualifying PRs or bonus points
RuchikaTalele12: No qualifying PRs or bonus points
jatin-9158: No qualifying PRs or bonus points
Jayesh-Waghmare: No qualifying PRs or bonus points
Kushagra888: 280 points (includes 100 bonus points) (8 PRs)
  - Beginner: 6 PRs
  - Intermediate: 2 PRs
  - Bonus points:
    * 100 points for "Bonus Score (Participation in Giveaway / Sessions)"
SandeepYadav2413182: No qualifying PRs or bonus points
Sachinsingh2002: No qualifying PRs or bonus points
Devansh1974: No qualifying PRs or bonus points
RAJVEER42: 260 points (includes 100 bonus points) (7 PRs)
  - Beginner: 5 PRs
  - Intermediate: 2 PRs
  - Bonus points:
    * 100 points for "Bonus Score (Participation in Giveaway / Sessions)"
pritisingh196: No qualifying PRs or bonus points
Sanskarsn: No qualifying PRs or bonus points
themayank1729: No qualifying PRs or bonus points
IsmailGaur: No qualifying PRs or bonus points
dhruv457457: No qualifying PRs or bonus points
priyanshiii7: No qualifying PRs or bonus points
SamridhiAhuja2075: 120 points (includes 100 bonus points) (1 PRs)
  - Beginner: 1 PRs
  - Bonus points:
    * 100 points for "Bonus Score (Participation in Giveaway / Sessions)"
AbhishekSharma-9: 240 points (includes 100 bonus points) (4 PRs)
  - Intermediate: 2 PRs
  - Advanced: 2 PRs
  - Bonus points:
    * 100 points for "Bonus Score (Participation in Giveaway / Sessions)"
gurjarsachin: No qualifying PRs or bonus points
Rishwanth-Naguri: No qualifying PRs or bonus points
amancoderhub: No qualifying PRs or bonus points
shrutirani3: No qualifying PRs or bonus points
rajdeepdas108: No qualifying PRs or bonus points
priyamish58: No qualifying PRs or bonus points
laaghvii: No qualifying PRs or bonus points
SaLTanaTuruz: No qualifying PRs or bonus points
maheswari8074: 310 points (includes 100 bonus points) (10 PRs)
  - Beginner: 9 PRs
  - Intermediate: 1 PRs
  - Bonus points:
    * 100 points for "Bonus Score (Participation in Giveaway / Sessions)"
Adarsh25449: No qualifying PRs or bonus points
susmetaa01: No qualifying PRs or bonus points
Nirmalfageria: No qualifying PRs or bonus points
niteshcipher: No qualifying PRs or bonus points
creeembrees: No qualifying PRs or bonus points
NeetuNaikya: No qualifying PRs or bonus points
sarthakmangal9: No qualifying PRs or bonus points
Anneshabhakta2005: 140 points (includes 100 bonus points) (1 PRs)
  - Advanced: 1 PRs
  - Bonus points:
    * 100 points for "Bonus Score (Participation in Giveaway / Sessions)"
nipuna12345678: No qualifying PRs or bonus points
Adityajain991: No qualifying PRs or bonus points
shivenpatro: No qualifying PRs or bonus points
divya-36736: No qualifying PRs or bonus points
saranshjagwani: No qualifying PRs or bonus points
MDMOINAKHTARR: No qualifying PRs or bonus points
yadavkapil23: No qualifying PRs or bonus points
fonsecajr2: No qualifying PRs or bonus points
Mitali-119: 120 points (includes 100 bonus points) (1 PRs)
  - Beginner: 1 PRs
  - Bonus points:
    * 100 points for "Bonus Score (Participation in Giveaway / Sessions)"
Vaish0223: No qualifying PRs or bonus points
chetan2835: No qualifying PRs or bonus points
lokeshjakhar7781: No qualifying PRs or bonus points
TheAnumaan: 140 points (includes 100 bonus points) (1 PRs)
  - Advanced: 1 PRs
  - Bonus points:
    * 100 points for "Bonus Score (Participation in Giveaway / Sessions)"
Poushali-Mitra: 120 points (includes 100 bonus points) (1 PRs)
  - Beginner: 1 PRs
  - Bonus points:
    * 100 points for "Bonus Score (Participation in Giveaway / Sessions)"
K-Vaishnavi12: No qualifying PRs or bonus points
naitik-01: No qualifying PRs or bonus points
AshmitA-8: No qualifying PRs or bonus points
Rhoshree: No qualifying PRs or bonus points
AineshSridhar: No qualifying PRs or bonus points
Nikhil210206: No qualifying PRs or bonus points
Bharat269: No qualifying PRs or bonus points
jeev170: No qualifying PRs or bonus points
MANASA-NUKALA: 160 points (includes 100 bonus points) (2 PRs)
  - Intermediate: 2 PRs
  - Bonus points:
    * 100 points for "Bonus Score (Participation in Giveaway / Sessions)"
anchalchaturvedi08: 240 points (includes 100 bonus points) (5 PRs)
  - Beginner: 3 PRs
  - Advanced: 2 PRs
  - Bonus points:
    * 100 points for "Bonus Score (Participation in Giveaway / Sessions)"
swet40: No qualifying PRs or bonus points
Amankumar140: No qualifying PRs or bonus points
sAnandha: No qualifying PRs or bonus points
6Hu7harshita: No qualifying PRs or bonus points
jaat-Hr: No qualifying PRs or bonus points
Jidnyasa-P: 610 points (includes 100 bonus points) (24 PRs)
  - Beginner: 22 PRs
  - Intermediate: 1 PRs
  - Advanced: 1 PRs
  - Bonus points:
    * 100 points for "Bonus Score (Participation in Giveaway / Sessions)"
Bhatt005: No qualifying PRs or bonus points
satvika1234: No qualifying PRs or bonus points
rashmi895: No qualifying PRs or bonus points
sandeepbehera21: No qualifying PRs or bonus points
DivyanshiGupta-18: No qualifying PRs or bonus points
rishabh514: No qualifying PRs or bonus points
jashwanthnani: No qualifying PRs or bonus points
RinkiJhunjhunwala: 160 points (includes 100 bonus points) (3 PRs)
  - Beginner: 3 PRs
  - Bonus points:
    * 100 points for "Bonus Score (Participation in Giveaway / Sessions)"
Ananya818181: No qualifying PRs or bonus points
VenkataSarma: 120 points (includes 100 bonus points) (1 PRs)
  - Beginner: 1 PRs
  - Bonus points:
    * 100 points for "Bonus Score (Participation in Giveaway / Sessions)"
BeingRoaster-Raj: No qualifying PRs or bonus points
Kanwalgunkaur1111: 120 points (includes 100 bonus points) (1 PRs)
  - Beginner: 1 PRs
  - Bonus points:
    * 100 points for "Bonus Score (Participation in Giveaway / Sessions)"
devanshimishra2: No qualifying PRs or bonus points
amanverma100: No qualifying PRs or bonus points
SleepDeprivedShi: No qualifying PRs or bonus points
Ujjwal-Singh-20: 190 points (includes 100 bonus points) (3 PRs)
  - Intermediate: 3 PRs
  - Bonus points:
    * 100 points for "Bonus Score (Participation in Giveaway / Sessions)"
Pawnios: No qualifying PRs or bonus points
MAHADEVAN-007: No qualifying PRs or bonus points
tejaswinihatkar: 160 points (includes 100 bonus points) (2 PRs)
  - Intermediate: 2 PRs
  - Bonus points:
    * 100 points for "Bonus Score (Participation in Giveaway / Sessions)"
mohdfarmaan322: No qualifying PRs or bonus points
Shary28-art: No qualifying PRs or bonus points
kumarakshu: No qualifying PRs or bonus points
ravneet27062004: 650 points (includes 100 bonus points) (24 PRs)
  - Beginner: 18 PRs
  - Intermediate: 5 PRs
  - Advanced: 1 PRs
  - Bonus points:
    * 100 points for "Bonus Score (Participation in Giveaway / Sessions)"
Ankush-ai: 320 points (includes 100 bonus points) (6 PRs)
  - Beginner: 1 PRs
  - Advanced: 5 PRs
  - Bonus points:
    * 100 points for "Bonus Score (Participation in Giveaway / Sessions)"
Nav3005: No qualifying PRs or bonus points
chockalingam131: No qualifying PRs or bonus points
Chetanchhetri: No qualifying PRs or bonus points
ashmita-web: No qualifying PRs or bonus points
Coden-inja: 300 points (includes 100 bonus points) (5 PRs)
  - Advanced: 5 PRs
  - Bonus points:
    * 100 points for "Bonus Score (Participation in Giveaway / Sessions)"
govindtilwani07: No qualifying PRs or bonus points
harry-the-captain: No qualifying PRs or bonus points
rhythmarora070: No qualifying PRs or bonus points
snehapm04: No qualifying PRs or bonus points
Vishal8858: No qualifying PRs or bonus points
sahilwadaskar07: No qualifying PRs or bonus points
aryaman0406: No qualifying PRs or bonus points
PURVIK-31: No qualifying PRs or bonus points
Vikas-Verma1: No qualifying PRs or bonus points
Himanshu950: No qualifying PRs or bonus points
Verma-MK: 2980 points (includes 100 bonus points) (115 PRs)
  - Beginner: 69 PRs
  - Intermediate: 34 PRs
  - Advanced: 12 PRs
  - Bonus points:
    * 100 points for "Bonus Score (Participation in Giveaway / Sessions)"
ErNehasharma: No qualifying PRs or bonus points
jainoshika: No qualifying PRs or bonus points
Shravya68: No qualifying PRs or bonus points
aryanorastar: No qualifying PRs or bonus points
Itsmeaadeesh: No qualifying PRs or bonus points
abufarisdev: No qualifying PRs or bonus points
Adityas1202: No qualifying PRs or bonus points
afreenaiml: 240 points (includes 100 bonus points) (5 PRs)
  - Beginner: 2 PRs
  - Intermediate: 2 PRs
  - Advanced: 1 PRs
  - Bonus points:
    * 100 points for "Bonus Score (Participation in Giveaway / Sessions)"
kalashjain9: No qualifying PRs or bonus points
thishika-k: No qualifying PRs or bonus points
Harshg33: No qualifying PRs or bonus points
Zero-Day-Smile: No qualifying PRs or bonus points
Mahak0205: No qualifying PRs or bonus points
umarsayed12: 170 points (includes 100 bonus points) (3 PRs)
  - Beginner: 2 PRs
  - Intermediate: 1 PRs
  - Bonus points:
    * 100 points for "Bonus Score (Participation in Giveaway / Sessions)"
Alokvish04: No qualifying PRs or bonus points
goldigd05: No qualifying PRs or bonus points
kunalp-singh: No qualifying PRs or bonus points
Amaayu: No qualifying PRs or bonus points
Abhash0307: No qualifying PRs or bonus points
saurabhkumarsuman20: No qualifying PRs or bonus points
SlothSlayer: No qualifying PRs or bonus points
coddingjatin: 160 points (includes 100 bonus points) (2 PRs)
  - Intermediate: 2 PRs
  - Bonus points:
    * 100 points for "Bonus Score (Participation in Giveaway / Sessions)"
anvita-09: 140 points (includes 100 bonus points) (2 PRs)
  - Beginner: 2 PRs
  - Bonus points:
    * 100 points for "Bonus Score (Participation in Giveaway / Sessions)"
swaraj-sh: No qualifying PRs or bonus points
peehugahlot: No qualifying PRs or bonus points
deepanshu921372: No qualifying PRs or bonus points
Shadabkhan-007: No qualifying PRs or bonus points
Sohi07: 220 points (includes 100 bonus points) (5 PRs)
  - Beginner: 3 PRs
  - Intermediate: 2 PRs
  - Bonus points:
    * 100 points for "Bonus Score (Participation in Giveaway / Sessions)"
sahithi-kanjarla: 170 points (includes 100 bonus points) (3 PRs)
  - Beginner: 2 PRs
  - Intermediate: 1 PRs
  - Bonus points:
    * 100 points for "Bonus Score (Participation in Giveaway / Sessions)"
Harilynn: No qualifying PRs or bonus points
keshripritesh: 3980 points (includes 100 bonus points) (107 PRs)
  - Beginner: 3 PRs
  - Intermediate: 34 PRs
  - Advanced: 70 PRs
  - Bonus points:
    * 100 points for "Bonus Score (Participation in Giveaway / Sessions)"
ayushjava07: 220 points (includes 100 bonus points) (4 PRs)
  - Beginner: 2 PRs
  - Advanced: 2 PRs
  - Bonus points:
    * 100 points for "Bonus Score (Participation in Giveaway / Sessions)"
Umang-Kaklotar: No qualifying PRs or bonus points
shashidhar-kittur: No qualifying PRs or bonus points
Chitranshu2411: No qualifying PRs or bonus points
as2674167: No qualifying PRs or bonus points
us-5258: No qualifying PRs or bonus points
arnavk23: No qualifying PRs or bonus points
Krishna-Pratik: No qualifying PRs or bonus points
Ayushivishwakarma1: No qualifying PRs or bonus points
vansh2706: No qualifying PRs or bonus points
Beulah1005: No qualifying PRs or bonus points
sudo-anshul: No qualifying PRs or bonus points
mandira15: No qualifying PRs or bonus points
Ronin-04: No qualifying PRs or bonus points
Aryansrivastava07: No qualifying PRs or bonus points
Aishu9Para: No qualifying PRs or bonus points
Pavneetsingh12: No qualifying PRs or bonus points
AsmaSid11: No qualifying PRs or bonus points
SamXop123: No qualifying PRs or bonus points
lohitha-2206: No qualifying PRs or bonus points
prem-ramamoorthy: No qualifying PRs or bonus points
Harshapendli: No qualifying PRs or bonus points
kamran-asif: 150 points (includes 100 bonus points) (2 PRs)
  - Beginner: 1 PRs
  - Intermediate: 1 PRs
  - Bonus points:
    * 100 points for "Bonus Score (Participation in Giveaway / Sessions)"
ParthNema13: 320 points (includes 100 bonus points) (7 PRs)
  - Beginner: 1 PRs
  - Intermediate: 4 PRs
  - Advanced: 2 PRs
  - Bonus points:
    * 100 points for "Bonus Score (Participation in Giveaway / Sessions)"
yatish-debug: No qualifying PRs or bonus points
milanprajapati571: No qualifying PRs or bonus points
vineela49: 130 points (includes 100 bonus points) (1 PRs)
  - Intermediate: 1 PRs
  - Bonus points:
    * 100 points for "Bonus Score (Participation in Giveaway / Sessions)"
Stutyay: No qualifying PRs or bonus points
rheaadotcom: No qualifying PRs or bonus points
Shaziya-Noorien09: No qualifying PRs or bonus points
priyanshu5291: No qualifying PRs or bonus points
kanak227: 170 points (includes 100 bonus points) (3 PRs)
  - Beginner: 2 PRs
  - Intermediate: 1 PRs
  - Bonus points:
    * 100 points for "Bonus Score (Participation in Giveaway / Sessions)"
Mayankjain2624: 130 points (includes 100 bonus points) (1 PRs)
  - Intermediate: 1 PRs
  - Bonus points:
    * 100 points for "Bonus Score (Participation in Giveaway / Sessions)"
YashSavalkar321: 230 points (includes 100 bonus points) (4 PRs)
  - Beginner: 1 PRs
  - Intermediate: 1 PRs
  - Advanced: 2 PRs
  - Bonus points:
    * 100 points for "Bonus Score (Participation in Giveaway / Sessions)"
chiiinmay: No qualifying PRs or bonus points
saarang2003: 120 points (includes 100 bonus points) (1 PRs)
  - Beginner: 1 PRs
  - Bonus points:
    * 100 points for "Bonus Score (Participation in Giveaway / Sessions)"
rishita2305: No qualifying PRs or bonus points
Raghuvansyn: No qualifying PRs or bonus points
sriganarupesh: No qualifying PRs or bonus points
JinkalaPushparaju: No qualifying PRs or bonus points
RIP-Skillan: No qualifying PRs or bonus points
Sriram00000: No qualifying PRs or bonus points
Sirivennela04: No qualifying PRs or bonus points
TANISHQDAS: No qualifying PRs or bonus points
Renu-code123: 180 points (includes 100 bonus points) (3 PRs)
  - Beginner: 1 PRs
  - Intermediate: 2 PRs
  - Bonus points:
    * 100 points for "Bonus Score (Participation in Giveaway / Sessions)"
guptaksht10: No qualifying PRs or bonus points
Tamannameh2305: No qualifying PRs or bonus points
abhisek2004: No qualifying PRs or bonus points
pocket-flight: No qualifying PRs or bonus points
dini-5002: 130 points (includes 100 bonus points) (1 PRs)
  - Intermediate: 1 PRs
  - Bonus points:
    * 100 points for "Bonus Score (Participation in Giveaway / Sessions)"
ernitishpaswan: No qualifying PRs or bonus points
manavi-24: 250 points (includes 100 bonus points) (5 PRs)
  - Beginner: 1 PRs
  - Intermediate: 3 PRs
  - Advanced: 1 PRs
  - Bonus points:
    * 100 points for "Bonus Score (Participation in Giveaway / Sessions)"
Kuldeep-022: No qualifying PRs or bonus points
khanjan2024: No qualifying PRs or bonus points
dhami200: No qualifying PRs or bonus points
ChetanSaini726: No qualifying PRs or bonus points
Tarushiiiii: 150 points (includes 100 bonus points) (2 PRs)
  - Beginner: 1 PRs
  - Intermediate: 1 PRs
  - Bonus points:
    * 100 points for "Bonus Score (Participation in Giveaway / Sessions)"
Micha062301: No qualifying PRs or bonus points
RACHITALAAD: No qualifying PRs or bonus points
RahilAlam929: No qualifying PRs or bonus points
fatimaa-dev: No qualifying PRs or bonus points
SohaRatnam2005: No qualifying PRs or bonus points
Snehakummari: No qualifying PRs or bonus points
Anamikaghosh18: 130 points (includes 100 bonus points) (1 PRs)
  - Intermediate: 1 PRs
  - Bonus points:
    * 100 points for "Bonus Score (Participation in Giveaway / Sessions)"
Harsh-Bajpay: No qualifying PRs or bonus points
BossHNP2011: No qualifying PRs or bonus points
aaryaveer-19: No qualifying PRs or bonus points
Anushtha05: No qualifying PRs or bonus points
Sarthak003khurana: No qualifying PRs or bonus points
aryancodealchemy26: No qualifying PRs or bonus points
Shivu384: 360 points (includes 100 bonus points) (8 PRs)
  - Beginner: 2 PRs
  - Intermediate: 2 PRs
  - Advanced: 4 PRs
  - Bonus points:
    * 100 points for "Bonus Score (Participation in Giveaway / Sessions)"
kunaltechwiz: No qualifying PRs or bonus points
soumyaranjan4446: No qualifying PRs or bonus points
Abhijeetkumar17: No qualifying PRs or bonus points
saksham0mahnot: No qualifying PRs or bonus points
Jaswithadabbiru: No qualifying PRs or bonus points
Sim14code: No qualifying PRs or bonus points
aryann2319: 240 points (includes 100 bonus points) (4 PRs)
  - Intermediate: 2 PRs
  - Advanced: 2 PRs
  - Bonus points:
    * 100 points for "Bonus Score (Participation in Giveaway / Sessions)"
diogocccarvalho: No qualifying PRs or bonus points
AditiVerma07: No qualifying PRs or bonus points
tusharson: No qualifying PRs or bonus points
AditiChhabra: No qualifying PRs or bonus points
CoderFleet: No qualifying PRs or bonus points
shaheeramjad: No qualifying PRs or bonus points
ayushdubey570: No qualifying PRs or bonus points
ak47kavan: No qualifying PRs or bonus points
Sejal-collection: 320 points (includes 100 bonus points) (9 PRs)
  - Beginner: 6 PRs
  - Intermediate: 2 PRs
  - Advanced: 1 PRs
  - Bonus points:
    * 100 points for "Bonus Score (Participation in Giveaway / Sessions)"
SK8-infi: 3730 points (includes 100 bonus points) (106 PRs)
  - Beginner: 16 PRs
  - Intermediate: 29 PRs
  - Advanced: 61 PRs
  - Bonus points:
    * 100 points for "Bonus Score (Participation in Giveaway / Sessions)"
Soultk1977: No qualifying PRs or bonus points
Adithkp03: 120 points (includes 100 bonus points) (1 PRs)
  - Beginner: 1 PRs
  - Bonus points:
    * 100 points for "Bonus Score (Participation in Giveaway / Sessions)"
03aditya-byte: No qualifying PRs or bonus points
manas2124: No qualifying PRs or bonus points
ayushiagg24: No qualifying PRs or bonus points
AnushkaLaheri: No qualifying PRs or bonus points
Obiwankenobi699: No qualifying PRs or bonus points
BeingMirage: No qualifying PRs or bonus points
flex0ing-ag: No qualifying PRs or bonus points
PreranaPattnaik4: No qualifying PRs or bonus points
mishra2arya: No qualifying PRs or bonus points
kasturitottadi: No qualifying PRs or bonus points
72harshrajora: No qualifying PRs or bonus points
ShreyaPandeycode: No qualifying PRs or bonus points
vivekd16: 690 points (includes 100 bonus points) (26 PRs)
  - Beginner: 21 PRs
  - Intermediate: 3 PRs
  - Advanced: 2 PRs
  - Bonus points:
    * 100 points for "Bonus Score (Participation in Giveaway / Sessions)"
charan2r: No qualifying PRs or bonus points
jayanththalla: 120 points (includes 100 bonus points) (1 PRs)
  - Beginner: 1 PRs
  - Bonus points:
    * 100 points for "Bonus Score (Participation in Giveaway / Sessions)"
Deb2oo: No qualifying PRs or bonus points
decodekush: 200 points (includes 100 bonus points) (3 PRs)
  - Intermediate: 2 PRs
  - Advanced: 1 PRs
  - Bonus points:
    * 100 points for "Bonus Score (Participation in Giveaway / Sessions)"
sourav349: No qualifying PRs or bonus points
preritasaini1: 170 points (includes 100 bonus points) (2 PRs)
  - Intermediate: 1 PRs
  - Advanced: 1 PRs
  - Bonus points:
    * 100 points for "Bonus Score (Participation in Giveaway / Sessions)"
giriraj-roy-7723: 2590 points (includes 100 bonus points) (73 PRs)
  - Intermediate: 43 PRs
  - Advanced: 30 PRs
  - Bonus points:
    * 100 points for "Bonus Score (Participation in Giveaway / Sessions)"
Aagam230: No qualifying PRs or bonus points
yashvardhanvats: No qualifying PRs or bonus points
SuruchiCode: No qualifying PRs or bonus points
Gurpreet0022: No qualifying PRs or bonus points
Nikkhil003: No qualifying PRs or bonus points
vandana512: No qualifying PRs or bonus points
karthiksreenivasanp: No qualifying PRs or bonus points
Yaniyamalik: No qualifying PRs or bonus points
suhasmartha: No qualifying PRs or bonus points
Dishaaa-T: No qualifying PRs or bonus points
chiraagsharma24: No qualifying PRs or bonus points
prathamamritkar: No qualifying PRs or bonus points
Arnabdas123456: No qualifying PRs or bonus points
niharika-mente: 120 points (includes 100 bonus points) (1 PRs)
  - Beginner: 1 PRs
  - Bonus points:
    * 100 points for "Bonus Score (Participation in Giveaway / Sessions)"
denshaw-09: 570 points (includes 100 bonus points) (17 PRs)
  - Beginner: 6 PRs
  - Intermediate: 9 PRs
  - Advanced: 2 PRs
  - Bonus points:
    * 100 points for "Bonus Score (Participation in Giveaway / Sessions)"
JallaDharani: 150 points (includes 100 bonus points) (2 PRs)
  - Beginner: 1 PRs
  - Intermediate: 1 PRs
  - Bonus points:
    * 100 points for "Bonus Score (Participation in Giveaway / Sessions)"
Ayushi028: No qualifying PRs or bonus points
2024yuva: 170 points (includes 100 bonus points) (3 PRs)
  - Beginner: 2 PRs
  - Intermediate: 1 PRs
  - Bonus points:
    * 100 points for "Bonus Score (Participation in Giveaway / Sessions)"
Shashikumar-ezhilarasu: 190 points (includes 100 bonus points) (3 PRs)
  - Beginner: 1 PRs
  - Intermediate: 1 PRs
  - Advanced: 1 PRs
  - Bonus points:
    * 100 points for "Bonus Score (Participation in Giveaway / Sessions)"
SnehaghoshBarsha444: 140 points (includes 100 bonus points) (1 PRs)
  - Advanced: 1 PRs
  - Bonus points:
    * 100 points for "Bonus Score (Participation in Giveaway / Sessions)"
glider-vinnie: No qualifying PRs or bonus points
Mmadan128: 130 points (includes 100 bonus points) (1 PRs)
  - Intermediate: 1 PRs
  - Bonus points:
    * 100 points for "Bonus Score (Participation in Giveaway / Sessions)"
Premkolte: No qualifying PRs or bonus points
Shivanjaligithub: No qualifying PRs or bonus points
saishivamerugu: No qualifying PRs or bonus points
noshmachowdary: 150 points (includes 100 bonus points) (2 PRs)
  - Beginner: 1 PRs
  - Intermediate: 1 PRs
  - Bonus points:
    * 100 points for "Bonus Score (Participation in Giveaway / Sessions)"
ranjanxh: No qualifying PRs or bonus points
ANTIK-007: 140 points (includes 100 bonus points) (2 PRs)
  - Beginner: 2 PRs
  - Bonus points:
    * 100 points for "Bonus Score (Participation in Giveaway / Sessions)"
suri5790: 150 points (includes 100 bonus points) (2 PRs)
  - Beginner: 1 PRs
  - Intermediate: 1 PRs
  - Bonus points:
    * 100 points for "Bonus Score (Participation in Giveaway / Sessions)"
ErebAsh: 160 points (includes 100 bonus points) (2 PRs)
  - Intermediate: 2 PRs
  - Bonus points:
    * 100 points for "Bonus Score (Participation in Giveaway / Sessions)"
BDutta18: No qualifying PRs or bonus points
14anshuman: No qualifying PRs or bonus points
krithikgokuls: No qualifying PRs or bonus points
ttiwari13: 130 points (includes 100 bonus points) (1 PRs)
  - Intermediate: 1 PRs
  - Bonus points:
    * 100 points for "Bonus Score (Participation in Giveaway / Sessions)"
Mansi2821: No qualifying PRs or bonus points
YadavGaya031: No qualifying PRs or bonus points
anikchand461: No qualifying PRs or bonus points
Chavva-Harshita: 140 points (includes 100 bonus points) (2 PRs)
  - Beginner: 2 PRs
  - Bonus points:
    * 100 points for "Bonus Score (Participation in Giveaway / Sessions)"
Radhika-dodain: 190 points (includes 100 bonus points) (3 PRs)
  - Intermediate: 3 PRs
  - Bonus points:
    * 100 points for "Bonus Score (Participation in Giveaway / Sessions)"
code-well0: 140 points (includes 100 bonus points) (2 PRs)
  - Beginner: 2 PRs
  - Bonus points:
    * 100 points for "Bonus Score (Participation in Giveaway / Sessions)"
omansharora5: No qualifying PRs or bonus points
Gunankkaushal: No qualifying PRs or bonus points
KavyaKankonkar: No qualifying PRs or bonus points
Arya3077: No qualifying PRs or bonus points
psp2535: 120 points (includes 100 bonus points) (1 PRs)
  - Beginner: 1 PRs
  - Bonus points:
    * 100 points for "Bonus Score (Participation in Giveaway / Sessions)"
shashank-kuldeep: No qualifying PRs or bonus points
lavanyabandla27: No qualifying PRs or bonus points
Somya453: No qualifying PRs or bonus points
Saisha0512: No qualifying PRs or bonus points
dipa129: No qualifying PRs or bonus points
AishwaryaAmin: No qualifying PRs or bonus points
Catherine-23-Codes: No qualifying PRs or bonus points
IShania-Jone: No qualifying PRs or bonus points
NavyaAgarwal02: No qualifying PRs or bonus points
raadhika-N: No qualifying PRs or bonus points
mery-top: No qualifying PRs or bonus points
Pavanid2325: No qualifying PRs or bonus points
bishal7448: 120 points (includes 100 bonus points) (1 PRs)
  - Beginner: 1 PRs
  - Bonus points:
    * 100 points for "Bonus Score (Participation in Giveaway / Sessions)"
anjaliyoga: No qualifying PRs or bonus points
shushant0603: No qualifying PRs or bonus points
dia3325: No qualifying PRs or bonus points
riyakotharii: No qualifying PRs or bonus points
ThunderShadows: No qualifying PRs or bonus points
Aakanksha0245: No qualifying PRs or bonus points
LUCKYBANJARE: No qualifying PRs or bonus points
Nirati-Jyothi10: No qualifying PRs or bonus points
jatin-sh01: No qualifying PRs or bonus points
sinJiNi1001: No qualifying PRs or bonus points
Prashant-2024: No qualifying PRs or bonus points
yashikaaasharma: No qualifying PRs or bonus points
muskanyadav28: No qualifying PRs or bonus points
nubiivagant: No qualifying PRs or bonus points
saurabh-vit: No qualifying PRs or bonus points
raghavjha10: No qualifying PRs or bonus points
Student-ravneet: 250 points (includes 100 bonus points) (7 PRs)
  - Beginner: 6 PRs
  - Intermediate: 1 PRs
  - Bonus points:
    * 100 points for "Bonus Score (Participation in Giveaway / Sessions)"
The-Asterix: No qualifying PRs or bonus points
Preeti0705: No qualifying PRs or bonus points
Vaishnavi231104: No qualifying PRs or bonus points
ASMA2786: No qualifying PRs or bonus points
shreyacupcake: No qualifying PRs or bonus points
komaldevi202006: No qualifying PRs or bonus points
Sujal212004: No qualifying PRs or bonus points
talib007-56: No qualifying PRs or bonus points
dipmanmajumdar: 160 points (includes 100 bonus points) (2 PRs)
  - Intermediate: 2 PRs
  - Bonus points:
    * 100 points for "Bonus Score (Participation in Giveaway / Sessions)"
raman0925: No qualifying PRs or bonus points
RishiRaj292: No qualifying PRs or bonus points
m1ss-chief: 340 points (includes 100 bonus points) (9 PRs)
  - Beginner: 5 PRs
  - Intermediate: 2 PRs
  - Advanced: 2 PRs
  - Bonus points:
    * 100 points for "Bonus Score (Participation in Giveaway / Sessions)"
UTKARSHJHA-2005: No qualifying PRs or bonus points
shaheen412: No qualifying PRs or bonus points
sumit-make: 120 points (includes 100 bonus points) (1 PRs)
  - Beginner: 1 PRs
  - Bonus points:
    * 100 points for "Bonus Score (Participation in Giveaway / Sessions)"
rajdeep13-coder: No qualifying PRs or bonus points
Sadiya-125: No qualifying PRs or bonus points
mattral: No qualifying PRs or bonus points
NandaGunasri: 120 points (includes 100 bonus points) (1 PRs)
  - Beginner: 1 PRs
  - Bonus points:
    * 100 points for "Bonus Score (Participation in Giveaway / Sessions)"
Krish-chaudharii: No qualifying PRs or bonus points
dhangar007A: No qualifying PRs or bonus points
Suhaniisingh05: 240 points (includes 100 bonus points) (7 PRs)
  - Beginner: 7 PRs
  - Bonus points:
    * 100 points for "Bonus Score (Participation in Giveaway / Sessions)"
dhruvXcode247: No qualifying PRs or bonus points
architasaha21: 190 points (includes 100 bonus points) (4 PRs)
  - Beginner: 3 PRs
  - Intermediate: 1 PRs
  - Bonus points:
    * 100 points for "Bonus Score (Participation in Giveaway / Sessions)"
M-zhar: No qualifying PRs or bonus points
tanishk001-ai: No qualifying PRs or bonus points
thulasiramk-2310: No qualifying PRs or bonus points
Pratiksha-dewarde: No qualifying PRs or bonus points
jashan-26: No qualifying PRs or bonus points
jaylm10: 120 points (includes 100 bonus points) (1 PRs)
  - Beginner: 1 PRs
  - Bonus points:
    * 100 points for "Bonus Score (Participation in Giveaway / Sessions)"
arpityadavofficial: No qualifying PRs or bonus points
kauntiaakash2: 190 points (includes 100 bonus points) (4 PRs)
  - Beginner: 3 PRs
  - Intermediate: 1 PRs
  - Bonus points:
    * 100 points for "Bonus Score (Participation in Giveaway / Sessions)"
Divya-A10: No qualifying PRs or bonus points
CouchPtato: No qualifying PRs or bonus points
riyarane46: No qualifying PRs or bonus points
RajanPatel0: No qualifying PRs or bonus points
Saksham-Jaiswal-2004: 140 points (includes 100 bonus points) (2 PRs)
  - Beginner: 2 PRs
  - Bonus points:
    * 100 points for "Bonus Score (Participation in Giveaway / Sessions)"
dharanitharan27: No qualifying PRs or bonus points
Chandni9852: No qualifying PRs or bonus points
Shreyajain025: No qualifying PRs or bonus points
manishraj9: No qualifying PRs or bonus points
sagarayusha: No qualifying PRs or bonus points
atul812: 180 points (includes 100 bonus points) (3 PRs)
  - Beginner: 1 PRs
  - Intermediate: 2 PRs
  - Bonus points:
    * 100 points for "Bonus Score (Participation in Giveaway / Sessions)"
Nitya-003: No qualifying PRs or bonus points
Piyushchannawar: 120 points (includes 100 bonus points) (1 PRs)
  - Beginner: 1 PRs
  - Bonus points:
    * 100 points for "Bonus Score (Participation in Giveaway / Sessions)"
AryanEjantkar: No qualifying PRs or bonus points
1809gaurav: No qualifying PRs or bonus points
Snig10dha: No qualifying PRs or bonus points
yashswarn: No qualifying PRs or bonus points
vvksrma: No qualifying PRs or bonus points
itsnimeshagarwal: No qualifying PRs or bonus points
ShaliniKashyap717: No qualifying PRs or bonus points
jainhardik06: No qualifying PRs or bonus points
MYDAILYWORK705: No qualifying PRs or bonus points
Varunjogi-03: No qualifying PRs or bonus points
SAYANDAS-DEVELOPER: No qualifying PRs or bonus points
nameishyam: No qualifying PRs or bonus points
Shaikaneespasha: No qualifying PRs or bonus points
lahari-b5: No qualifying PRs or bonus points
ankit271400: No qualifying PRs or bonus points
Abhirup-261004: 140 points (includes 100 bonus points) (2 PRs)
  - Beginner: 2 PRs
  - Bonus points:
    * 100 points for "Bonus Score (Participation in Giveaway / Sessions)"
Prem294: No qualifying PRs or bonus points
sonalshruti02: No qualifying PRs or bonus points
Priyanshi-prog: 140 points (includes 100 bonus points) (2 PRs)
  - Beginner: 2 PRs
  - Bonus points:
    * 100 points for "Bonus Score (Participation in Giveaway / Sessions)"
ankit2061: 140 points (includes 100 bonus points) (1 PRs)
  - Advanced: 1 PRs
  - Bonus points:
    * 100 points for "Bonus Score (Participation in Giveaway / Sessions)"
Palak1725: No qualifying PRs or bonus points
ship1220: No qualifying PRs or bonus points
Arushmita89: No qualifying PRs or bonus points
vir123-devf: No qualifying PRs or bonus points
rajputnishant29: No qualifying PRs or bonus points
isha0325: 380 points (includes 100 bonus points) (7 PRs)
  - Advanced: 7 PRs
  - Bonus points:
    * 100 points for "Bonus Score (Participation in Giveaway / Sessions)"
sauravs296: No qualifying PRs or bonus points
saileed05: No qualifying PRs or bonus points
izajay: No qualifying PRs or bonus points
Tejaswini123-45: No qualifying PRs or bonus points
Sanjna07: 130 points (includes 100 bonus points) (1 PRs)
  - Intermediate: 1 PRs
  - Bonus points:
    * 100 points for "Bonus Score (Participation in Giveaway / Sessions)"
DeathSquat: No qualifying PRs or bonus points
prernaprachi96: No qualifying PRs or bonus points
DebugDyanmo: No qualifying PRs or bonus points
devdandekar24: No qualifying PRs or bonus points
swethapadmavathimukku: 120 points (includes 100 bonus points) (1 PRs)
  - Beginner: 1 PRs
  - Bonus points:
    * 100 points for "Bonus Score (Participation in Giveaway / Sessions)"
saishghatol: No qualifying PRs or bonus points
rittika03: No qualifying PRs or bonus points
Dru-429: 170 points (includes 100 bonus points) (3 PRs)
  - Beginner: 2 PRs
  - Intermediate: 1 PRs
  - Bonus points:
    * 100 points for "Bonus Score (Participation in Giveaway / Sessions)"
aravindakuthota: No qualifying PRs or bonus points
Pooja-y05: No qualifying PRs or bonus points
MeLiveAkshay: No qualifying PRs or bonus points
cybersword1001: No qualifying PRs or bonus points
Santoshi-2k24: No qualifying PRs or bonus points
Neha-28-fluff: No qualifying PRs or bonus points
TanmayKalra09: 3990 points (includes 100 bonus points) (110 PRs)
  - Beginner: 8 PRs
  - Intermediate: 35 PRs
  - Advanced: 67 PRs
  - Bonus points:
    * 100 points for "Bonus Score (Participation in Giveaway / Sessions)"
Arihant-Bhandari: 180 points (includes 100 bonus points) (2 PRs)
  - Advanced: 2 PRs
  - Bonus points:
    * 100 points for "Bonus Score (Participation in Giveaway / Sessions)"
Muneerali199: 140 points (includes 100 bonus points) (2 PRs)
  - Beginner: 2 PRs
  - Bonus points:
    * 100 points for "Bonus Score (Participation in Giveaway / Sessions)"
Sim2739: No qualifying PRs or bonus points
amrendra222: No qualifying PRs or bonus points
Sreejesh06: No qualifying PRs or bonus points
Dhananjay4yu: 20 points (1 PRs)
  - Beginner: 1 PRs
yash720: No qualifying PRs or bonus points
satyajit-patel: 160 points (includes 100 bonus points) (2 PRs)
  - Intermediate: 2 PRs
  - Bonus points:
    * 100 points for "Bonus Score (Participation in Giveaway / Sessions)"
NehaSaini011: 150 points (includes 100 bonus points) (2 PRs)
  - Beginner: 1 PRs
  - Intermediate: 1 PRs
  - Bonus points:
    * 100 points for "Bonus Score (Participation in Giveaway / Sessions)"
yashodipmore: No qualifying PRs or bonus points
pratiksha0407314: No qualifying PRs or bonus points
priyanshuuzz: No qualifying PRs or bonus points
that-guy18: No qualifying PRs or bonus points
SparshM8: No qualifying PRs or bonus points
rastogi-codes: No qualifying PRs or bonus points
Rajita-djs: No qualifying PRs or bonus points
amishamehta99: No qualifying PRs or bonus points
Prestigious526: No qualifying PRs or bonus points
codershivangi: No qualifying PRs or bonus points
sammy0318: No qualifying PRs or bonus points
HarjotKaurr: No qualifying PRs or bonus points
shreyamittal10: 160 points (includes 100 bonus points) (2 PRs)
  - Intermediate: 2 PRs
  - Bonus points:
    * 100 points for "Bonus Score (Participation in Giveaway / Sessions)"
DrDeveloperr: No qualifying PRs or bonus points
Tanishka-bhatti: No qualifying PRs or bonus points
Riti-Varshney: No qualifying PRs or bonus points
saismrutiranjan18: No qualifying PRs or bonus points
khushalsarode: No qualifying PRs or bonus points
MayankV004: 120 points (includes 100 bonus points) (1 PRs)
  - Beginner: 1 PRs
  - Bonus points:
    * 100 points for "Bonus Score (Participation in Giveaway / Sessions)"
ragavi-632007: No qualifying PRs or bonus points
NiharikaSaxena18: No qualifying PRs or bonus points
Sayan-206: 560 points (includes 100 bonus points) (12 PRs)
  - Beginner: 1 PRs
  - Advanced: 11 PRs
  - Bonus points:
    * 100 points for "Bonus Score (Participation in Giveaway / Sessions)"
vithula30: No qualifying PRs or bonus points
pani-siri: No qualifying PRs or bonus points
Atharvverma1234: No qualifying PRs or bonus points
AKC07-Dev: No qualifying PRs or bonus points
nikhil-agrawal123: 120 points (includes 100 bonus points) (1 PRs)
  - Beginner: 1 PRs
  - Bonus points:
    * 100 points for "Bonus Score (Participation in Giveaway / Sessions)"
rochanshah15: No qualifying PRs or bonus points
khushiiiip: No qualifying PRs or bonus points
vishvshah123: No qualifying PRs or bonus points
awrya-cmd: 140 points (includes 100 bonus points) (2 PRs)
  - Beginner: 2 PRs
  - Bonus points:
    * 100 points for "Bonus Score (Participation in Giveaway / Sessions)"
palakbansa05: No qualifying PRs or bonus points
Neovin-dev: No qualifying PRs or bonus points
gourikasoni: 120 points (includes 100 bonus points) (1 PRs)
  - Beginner: 1 PRs
  - Bonus points:
    * 100 points for "Bonus Score (Participation in Giveaway / Sessions)"
KritikaJoshi04: No qualifying PRs or bonus points
divyam8175: 150 points (includes 100 bonus points) (2 PRs)
  - Beginner: 1 PRs
  - Intermediate: 1 PRs
  - Bonus points:
    * 100 points for "Bonus Score (Participation in Giveaway / Sessions)"
AnirbanChatterjee912: No qualifying PRs or bonus points
Srishti0307: No qualifying PRs or bonus points
TabassumSK: No qualifying PRs or bonus points
Sneha41sb: No qualifying PRs or bonus points
Kushagra1taneja: No qualifying PRs or bonus points
HitiPanghal: No qualifying PRs or bonus points
imDarshanGK: 120 points (includes 100 bonus points) (1 PRs)
  - Beginner: 1 PRs
  - Bonus points:
    * 100 points for "Bonus Score (Participation in Giveaway / Sessions)"
monark1: No qualifying PRs or bonus points
moin-dbud: No qualifying PRs or bonus points
Pranavraj09: No qualifying PRs or bonus points
pandey-kun7: No qualifying PRs or bonus points
drishtagrover: No qualifying PRs or bonus points
Sanika2020: No qualifying PRs or bonus points
drishtig06: No qualifying PRs or bonus points
Bhartix07: No qualifying PRs or bonus points
mruna18: No qualifying PRs or bonus points
VenkataSrujana11: 320 points (includes 100 bonus points) (7 PRs)
  - Beginner: 1 PRs
  - Intermediate: 4 PRs
  - Advanced: 2 PRs
  - Bonus points:
    * 100 points for "Bonus Score (Participation in Giveaway / Sessions)"
Vinay-1105: No qualifying PRs or bonus points
Apurba0313: No qualifying PRs or bonus points
Anjali-ops156: No qualifying PRs or bonus points
Tani0211: No qualifying PRs or bonus points
Chaitanya2812-dev: No qualifying PRs or bonus points
parinita78: No qualifying PRs or bonus points
NA-VNEET: 120 points (includes 100 bonus points) (1 PRs)
  - Beginner: 1 PRs
  - Bonus points:
    * 100 points for "Bonus Score (Participation in Giveaway / Sessions)"
geekypooky: No qualifying PRs or bonus points
PrashantSinghUP64: No qualifying PRs or bonus points
akshay0611: No qualifying PRs or bonus points
shashiranjan567: No qualifying PRs or bonus points
AkshithaReddy005: 500 points (includes 100 bonus points) (12 PRs)
  - Beginner: 1 PRs
  - Intermediate: 6 PRs
  - Advanced: 5 PRs
  - Bonus points:
    * 100 points for "Bonus Score (Participation in Giveaway / Sessions)"
AdroitPhilocalist: No qualifying PRs or bonus points
pratham15541: 140 points (includes 100 bonus points) (1 PRs)
  - Advanced: 1 PRs
  - Bonus points:
    * 100 points for "Bonus Score (Participation in Giveaway / Sessions)"
rohit-7620: No qualifying PRs or bonus points
priyachugh2606: No qualifying PRs or bonus points
KanishkaGarg04: No qualifying PRs or bonus points
noshimi-imnida: No qualifying PRs or bonus points
Pooja6-9: No qualifying PRs or bonus points
GUN33Tk: No qualifying PRs or bonus points
priyan-inspires: No qualifying PRs or bonus points
joyprakashk: No qualifying PRs or bonus points
Webwizzz22: 330 points (includes 100 bonus points) (10 PRs)
  - Beginner: 8 PRs
  - Intermediate: 1 PRs
  - Advanced: 1 PRs
  - Bonus points:
    * 100 points for "Bonus Score (Participation in Giveaway / Sessions)"
gauravsingh1281: No qualifying PRs or bonus points
dubeyharshit0605: No qualifying PRs or bonus points
coder-cutie: No qualifying PRs or bonus points
vineelprince: No qualifying PRs or bonus points
vvanshikachauhan: No qualifying PRs or bonus points
nexpectArpit: No qualifying PRs or bonus points
sushobhan500: No qualifying PRs or bonus points
chauhangarv: 160 points (includes 100 bonus points) (3 PRs)
  - Beginner: 3 PRs
  - Bonus points:
    * 100 points for "Bonus Score (Participation in Giveaway / Sessions)"
Sainava: 460 points (includes 100 bonus points) (14 PRs)
  - Beginner: 10 PRs
  - Advanced: 4 PRs
  - Bonus points:
    * 100 points for "Bonus Score (Participation in Giveaway / Sessions)"
kartik0827: No qualifying PRs or bonus points
Vanishar9880: No qualifying PRs or bonus points
RupshaBiswas: No qualifying PRs or bonus points
TanayP04: No qualifying PRs or bonus points
sunnyviraj9: No qualifying PRs or bonus points
divya7202: No qualifying PRs or bonus points
Payal12-max: No qualifying PRs or bonus points
Anushka-Naik28: No qualifying PRs or bonus points
koushikreddybachu: 120 points (includes 100 bonus points) (1 PRs)
  - Beginner: 1 PRs
  - Bonus points:
    * 100 points for "Bonus Score (Participation in Giveaway / Sessions)"
dishaagrawalcodes: 1140 points (includes 100 bonus points) (37 PRs)
  - Beginner: 15 PRs
  - Intermediate: 14 PRs
  - Advanced: 8 PRs
  - Bonus points:
    * 100 points for "Bonus Score (Participation in Giveaway / Sessions)"
Harshi-max: 160 points (includes 100 bonus points) (2 PRs)
  - Beginner: 1 PRs
  - Advanced: 1 PRs
  - Bonus points:
    * 100 points for "Bonus Score (Participation in Giveaway / Sessions)"
Hima-Bindhu6527: No qualifying PRs or bonus points
achieveramrit: No qualifying PRs or bonus points
Sam94GIT: No qualifying PRs or bonus points
aalokhya: No qualifying PRs or bonus points
Nandani-Guptaa: No qualifying PRs or bonus points
tulikaroyy: 130 points (includes 100 bonus points) (1 PRs)
  - Intermediate: 1 PRs
  - Bonus points:
    * 100 points for "Bonus Score (Participation in Giveaway / Sessions)"
yakshitranga: No qualifying PRs or bonus points
UjjWaL-0911: 130 points (includes 100 bonus points) (1 PRs)
  - Intermediate: 1 PRs
  - Bonus points:
    * 100 points for "Bonus Score (Participation in Giveaway / Sessions)"
Ayushnema704: No qualifying PRs or bonus points
yatishsj-27: No qualifying PRs or bonus points
JAYATIAHUJA: 130 points (includes 100 bonus points) (1 PRs)
  - Intermediate: 1 PRs
  - Bonus points:
    * 100 points for "Bonus Score (Participation in Giveaway / Sessions)"
Fark0910: No qualifying PRs or bonus points
deepuchary03: No qualifying PRs or bonus points
Praveenmaila: No qualifying PRs or bonus points
Arpita-Rajput: No qualifying PRs or bonus points
sanketjadhav09: No qualifying PRs or bonus points
piyushrajyadav: No qualifying PRs or bonus points
ujala9968: No qualifying PRs or bonus points
edigaVasanthi: No qualifying PRs or bonus points
aatmaj28: No qualifying PRs or bonus points
shakthishankar: No qualifying PRs or bonus points
anushika006: No qualifying PRs or bonus points
kaur1504: No qualifying PRs or bonus points
Deekshithshaiva05: 160 points (includes 100 bonus points) (2 PRs)
  - Intermediate: 2 PRs
  - Bonus points:
    * 100 points for "Bonus Score (Participation in Giveaway / Sessions)"
arundhati101: No qualifying PRs or bonus points
ChakrabortyRajarshi2005: No qualifying PRs or bonus points
KavyaMunusamy: 140 points (includes 100 bonus points) (1 PRs)
  - Advanced: 1 PRs
  - Bonus points:
    * 100 points for "Bonus Score (Participation in Giveaway / Sessions)"
shambhavi0608: 120 points (includes 100 bonus points) (1 PRs)
  - Beginner: 1 PRs
  - Bonus points:
    * 100 points for "Bonus Score (Participation in Giveaway / Sessions)"
SubhamKojha: 170 points (includes 100 bonus points) (3 PRs)
  - Beginner: 2 PRs
  - Intermediate: 1 PRs
  - Bonus points:
    * 100 points for "Bonus Score (Participation in Giveaway / Sessions)"
aryanguptacsvtu: 380 points (includes 100 bonus points) (14 PRs)
  - Beginner: 14 PRs
  - Bonus points:
    * 100 points for "Bonus Score (Participation in Giveaway / Sessions)"
shambhavi099: No qualifying PRs or bonus points
COPYRIGHTXO: No qualifying PRs or bonus points
kushagra0333: No qualifying PRs or bonus points
SupriyaShukla18: No qualifying PRs or bonus points
RishithaChallagondla: No qualifying PRs or bonus points
Ayu-Connect: No qualifying PRs or bonus points
okaydebarghya: No qualifying PRs or bonus points
Blacksujit: No qualifying PRs or bonus points
Pooja-git27: No qualifying PRs or bonus points
Shakshi2602: No qualifying PRs or bonus points
pooja1932: 280 points (includes 100 bonus points) (5 PRs)
  - Beginner: 1 PRs
  - Advanced: 4 PRs
  - Bonus points:
    * 100 points for "Bonus Score (Participation in Giveaway / Sessions)"
Kirti123x: No qualifying PRs or bonus points
riitikasharma08: No qualifying PRs or bonus points
ashdev-7: No qualifying PRs or bonus points
syedmohammadaquib: No qualifying PRs or bonus points
abhinayaRajarajan: No qualifying PRs or bonus points
Bhupendra-glitch: No qualifying PRs or bonus points
jashika2410: No qualifying PRs or bonus points
aerinpatel: 130 points (includes 100 bonus points) (1 PRs)
  - Intermediate: 1 PRs
  - Bonus points:
    * 100 points for "Bonus Score (Participation in Giveaway / Sessions)"
shreyoshi2409: No qualifying PRs or bonus points
Vrushti-kulkarni: 150 points (includes 100 bonus points) (2 PRs)
  - Beginner: 1 PRs
  - Intermediate: 1 PRs
  - Bonus points:
    * 100 points for "Bonus Score (Participation in Giveaway / Sessions)"
devp-with-V: No qualifying PRs or bonus points
Haripriya-M619: No qualifying PRs or bonus points
Mohammedmaaz541: No qualifying PRs or bonus points
Vishesh394: No qualifying PRs or bonus points
rajeevkush1: No qualifying PRs or bonus points
Atharva-Kale1: 200 points (includes 100 bonus points) (5 PRs)
  - Beginner: 5 PRs
  - Bonus points:
    * 100 points for "Bonus Score (Participation in Giveaway / Sessions)"
Varshitha713: 250 points (includes 100 bonus points) (6 PRs)
  - Beginner: 4 PRs
  - Intermediate: 1 PRs
  - Advanced: 1 PRs
  - Bonus points:
    * 100 points for "Bonus Score (Participation in Giveaway / Sessions)"
KALYANI2309K3: No qualifying PRs or bonus points
Vaishnavi-Manne: 220 points (includes 100 bonus points) (4 PRs)
  - Beginner: 2 PRs
  - Advanced: 2 PRs
  - Bonus points:
    * 100 points for "Bonus Score (Participation in Giveaway / Sessions)"
narutonamikaze: No qualifying PRs or bonus points
harshitaS19: No qualifying PRs or bonus points
PrudhviRajGK: No qualifying PRs or bonus points
animesh713331: No qualifying PRs or bonus points
multiverseweb: No qualifying PRs or bonus points
varshasoni10: No qualifying PRs or bonus points
annubhagavatula: No qualifying PRs or bonus points
vnaik10: No qualifying PRs or bonus points
hreyat-1902: No qualifying PRs or bonus points
chaarulathanagaraj: No qualifying PRs or bonus points
patilj735: No qualifying PRs or bonus points
Zoyaejaz: No qualifying PRs or bonus points
Aashi070407: No qualifying PRs or bonus points
Sudeepmishra-1002: No qualifying PRs or bonus points
DarshanCode2005: No qualifying PRs or bonus points
AB1406: No qualifying PRs or bonus points
kiran848: No qualifying PRs or bonus points
Yashraghuvans: No qualifying PRs or bonus points
sacheetkumar: No qualifying PRs or bonus points
bhaviii17: No qualifying PRs or bonus points
harsh17-ops: No qualifying PRs or bonus points
Harsh16Bhardwaj: 140 points (includes 100 bonus points) (1 PRs)
  - Advanced: 1 PRs
  - Bonus points:
    * 100 points for "Bonus Score (Participation in Giveaway / Sessions)"
Ankita-kuntal: No qualifying PRs or bonus points
AdityaJani616: No qualifying PRs or bonus points
Lekkhasri: No qualifying PRs or bonus points
Sundhar-Balamoorthy: 130 points (includes 100 bonus points) (1 PRs)
  - Intermediate: 1 PRs
  - Bonus points:
    * 100 points for "Bonus Score (Participation in Giveaway / Sessions)"
muskan23-lgtm: No qualifying PRs or bonus points
ZarrarPeshimam: 260 points (includes 100 bonus points) (7 PRs)
  - Beginner: 5 PRs
  - Intermediate: 2 PRs
  - Bonus points:
    * 100 points for "Bonus Score (Participation in Giveaway / Sessions)"
TheAnushree25: No qualifying PRs or bonus points
Shivangi0009: No qualifying PRs or bonus points
Nandini12004: No qualifying PRs or bonus points
ankitpartap: No qualifying PRs or bonus points
Priyakumar-15: No qualifying PRs or bonus points
vi-decodes: No qualifying PRs or bonus points
balraj009: No qualifying PRs or bonus points
akshara123: No qualifying PRs or bonus points
Tirumalashreya: 210 points (includes 100 bonus points) (4 PRs)
  - Beginner: 2 PRs
  - Intermediate: 1 PRs
  - Advanced: 1 PRs
  - Bonus points:
    * 100 points for "Bonus Score (Participation in Giveaway / Sessions)"
VAISHNAVISTUDENT: 140 points (includes 100 bonus points) (1 PRs)
  - Advanced: 1 PRs
  - Bonus points:
    * 100 points for "Bonus Score (Participation in Giveaway / Sessions)"
Sandhya251: 140 points (includes 100 bonus points) (1 PRs)
  - Advanced: 1 PRs
  - Bonus points:
    * 100 points for "Bonus Score (Participation in Giveaway / Sessions)"
Jai1203: No qualifying PRs or bonus points
srujith7: No qualifying PRs or bonus points
Assistant0307: No qualifying PRs or bonus points
Aswinpranav: No qualifying PRs or bonus points
TanushreeSB: No qualifying PRs or bonus points
Ruhin575: No qualifying PRs or bonus points
akashk6697: No qualifying PRs or bonus points
harshit-05: No qualifying PRs or bonus points
shri-69: No qualifying PRs or bonus points
GarimaYadav29: 160 points (includes 100 bonus points) (2 PRs)
  - Beginner: 1 PRs
  - Advanced: 1 PRs
  - Bonus points:
    * 100 points for "Bonus Score (Participation in Giveaway / Sessions)"
Sudhanshu517: 130 points (includes 100 bonus points) (1 PRs)
  - Intermediate: 1 PRs
  - Bonus points:
    * 100 points for "Bonus Score (Participation in Giveaway / Sessions)"
lovelymahor: No qualifying PRs or bonus points
initishkumaryadav: No qualifying PRs or bonus points
hr10j44t: No qualifying PRs or bonus points
Greeshma-2006: No qualifying PRs or bonus points
jen713: No qualifying PRs or bonus points
abhinov956tech-developer: No qualifying PRs or bonus points
AnmollCodes: No qualifying PRs or bonus points
mansisharma31: No qualifying PRs or bonus points
Alam9835: 160 points (includes 100 bonus points) (3 PRs)
  - Beginner: 3 PRs
  - Bonus points:
    * 100 points for "Bonus Score (Participation in Giveaway / Sessions)"
Kruti68: No qualifying PRs or bonus points
Atomic-Shadow7002: No qualifying PRs or bonus points
ultimatrix2: 140 points (includes 100 bonus points) (1 PRs)
  - Advanced: 1 PRs
  - Bonus points:
    * 100 points for "Bonus Score (Participation in Giveaway / Sessions)"
Dhruvsachdeva07: No qualifying PRs or bonus points
Nandani1512: No qualifying PRs or bonus points
adiibaba239: No qualifying PRs or bonus points
Saksham8540: No qualifying PRs or bonus points
KajalKumari16: No qualifying PRs or bonus points
Yamuna-b: 380 points (includes 100 bonus points) (7 PRs)
  - Advanced: 7 PRs
  - Bonus points:
    * 100 points for "Bonus Score (Participation in Giveaway / Sessions)"
reeteesha-roy: 230 points (includes 100 bonus points) (5 PRs)
  - Beginner: 2 PRs
  - Intermediate: 3 PRs
  - Bonus points:
    * 100 points for "Bonus Score (Participation in Giveaway / Sessions)"
Vikas84214: No qualifying PRs or bonus points
deep-ghosh: No qualifying PRs or bonus points
akshithakarlapudi: No qualifying PRs or bonus points
vijayverma95: No qualifying PRs or bonus points
stris-coder: No qualifying PRs or bonus points
vidub04: No qualifying PRs or bonus points
dhairyagothi: No qualifying PRs or bonus points
anu-rrn1: No qualifying PRs or bonus points
Ronaldo-001: No qualifying PRs or bonus points
nikhil-kodes: No qualifying PRs or bonus points
subhankar18r: No qualifying PRs or bonus points
krabhis: 130 points (includes 100 bonus points) (1 PRs)
  - Intermediate: 1 PRs
  - Bonus points:
    * 100 points for "Bonus Score (Participation in Giveaway / Sessions)"
vanixyz: No qualifying PRs or bonus points
arnab9957: No qualifying PRs or bonus points
Dhanalaxmi-debug: No qualifying PRs or bonus points
Ayushi0507-dot: No qualifying PRs or bonus points
himanidobriyal: No qualifying PRs or bonus points
VEDAPRIYAMUTYAM: 210 points (includes 100 bonus points) (4 PRs)
  - Beginner: 2 PRs
  - Intermediate: 1 PRs
  - Advanced: 1 PRs
  - Bonus points:
    * 100 points for "Bonus Score (Participation in Giveaway / Sessions)"
Khushi0806: No qualifying PRs or bonus points
DBALAMURUGAN555: No qualifying PRs or bonus points
harshraj005: 200 points (includes 100 bonus points) (3 PRs)
  - Intermediate: 2 PRs
  - Advanced: 1 PRs
  - Bonus points:
    * 100 points for "Bonus Score (Participation in Giveaway / Sessions)"
anjalibind17: No qualifying PRs or bonus points
AmulyaJain2004: No qualifying PRs or bonus points
sans-creator: No qualifying PRs or bonus points
mukul-sharma-tech: 160 points (includes 100 bonus points) (3 PRs)
  - Beginner: 3 PRs
  - Bonus points:
    * 100 points for "Bonus Score (Participation in Giveaway / Sessions)"
dhnnypatil: No qualifying PRs or bonus points
Jyotibrat: No qualifying PRs or bonus points
Rohinth-S: No qualifying PRs or bonus points
krishnathota112: No qualifying PRs or bonus points
Abhilashanegi25: No qualifying PRs or bonus points
rue19: No qualifying PRs or bonus points
dhruvawani17: No qualifying PRs or bonus points
Ishan007-bot: No qualifying PRs or bonus points
dhruvt293: No qualifying PRs or bonus points
jeevaananthan52: 120 points (includes 100 bonus points) (1 PRs)
  - Beginner: 1 PRs
  - Bonus points:
    * 100 points for "Bonus Score (Participation in Giveaway / Sessions)"
Aksh-Agrawal: 160 points (includes 100 bonus points) (2 PRs)
  - Intermediate: 2 PRs
  - Bonus points:
    * 100 points for "Bonus Score (Participation in Giveaway / Sessions)"
shweta-mi: No qualifying PRs or bonus points
Jyotiyadav1012: No qualifying PRs or bonus points
bableen123: No qualifying PRs or bonus points
Debayan-Ghosh2005: No qualifying PRs or bonus points
michael-0007a: 540 points (includes 100 bonus points) (15 PRs)
  - Beginner: 7 PRs
  - Intermediate: 2 PRs
  - Advanced: 6 PRs
  - Bonus points:
    * 100 points for "Bonus Score (Participation in Giveaway / Sessions)"
Sanchita76: No qualifying PRs or bonus points
vagabond-0: 170 points (includes 100 bonus points) (2 PRs)
  - Intermediate: 1 PRs
  - Advanced: 1 PRs
  - Bonus points:
    * 100 points for "Bonus Score (Participation in Giveaway / Sessions)"
HimanshMathur: No qualifying PRs or bonus points
ruchiraaa04: No qualifying PRs or bonus points
sanketkokate712: No qualifying PRs or bonus points
shreyarathore27: No qualifying PRs or bonus points
2232def: No qualifying PRs or bonus points
awheee: No qualifying PRs or bonus points
VINAY050805: No qualifying PRs or bonus points
Kawshikk-Shrii: No qualifying PRs or bonus points
SaiOmkar058: No qualifying PRs or bonus points
Sahil-Chahal: 120 points (includes 100 bonus points) (1 PRs)
  - Beginner: 1 PRs
  - Bonus points:
    * 100 points for "Bonus Score (Participation in Giveaway / Sessions)"
Snehagupta68: No qualifying PRs or bonus points
Shreyas-Mohan: No qualifying PRs or bonus points
manasam: No qualifying PRs or bonus points
shreyab7134: No qualifying PRs or bonus points
tanvisatija tanvisatija: No qualifying PRs or bonus points
siddhi2005-beep: No qualifying PRs or bonus points
Shru300: No qualifying PRs or bonus points
csmishra952: No qualifying PRs or bonus points
Praneeth-jairam: No qualifying PRs or bonus points
1203gauri 1203gauri: No qualifying PRs or bonus points
Sanakhansk: No qualifying PRs or bonus points
Ishi1301: No qualifying PRs or bonus points
Riyayadav12345: No qualifying PRs or bonus points
achieveramrit4241achieveramrit: No qualifying PRs or bonus points
shreyat-1902: No qualifying PRs or bonus points
ish-07: No qualifying PRs or bonus points
Mesh-06: No qualifying PRs or bonus points
UTSAVS26: No qualifying PRs or bonus points
ruchikakengal: No qualifying PRs or bonus points
itsaryanchauhan: No qualifying PRs or bonus points
rutikakengal: No qualifying PRs or bonus points
MUSKANMEHTO: No qualifying PRs or bonus points
gurman2301: No qualifying PRs or bonus points
AnushkaMaheshwari4: No qualifying PRs or bonus points
rajusharmadata: 120 points (includes 100 bonus points) (1 PRs)
  - Beginner: 1 PRs
  - Bonus points:
    * 100 points for "Bonus Score (Participation in Giveaway / Sessions)"
amit-sharma-ds: No qualifying PRs or bonus points
Sanjanadharanikota: No qualifying PRs or bonus points
Mischa0099: No qualifying PRs or bonus points
lalwanianjali21: No qualifying PRs or bonus points
Vijayashree-tech: 440 points (includes 100 bonus points) (12 PRs)
  - Beginner: 6 PRs
  - Intermediate: 2 PRs
  - Advanced: 4 PRs
  - Bonus points:
    * 100 points for "Bonus Score (Participation in Giveaway / Sessions)"
pashaarshad: No qualifying PRs or bonus points
ShreyaSingh1515: No qualifying PRs or bonus points
BhargaviBathini: No qualifying PRs or bonus points
Pixel20coder: 400 points (includes 100 bonus points) (10 PRs)
  - Beginner: 2 PRs
  - Intermediate: 6 PRs
  - Advanced: 2 PRs
  - Bonus points:
    * 100 points for "Bonus Score (Participation in Giveaway / Sessions)"
Shashankvuddagiri: No qualifying PRs or bonus points
priya250805: No qualifying PRs or bonus points
Ayushigupta1110: No qualifying PRs or bonus points
SAMBUDAR: No qualifying PRs or bonus points
Chaithzz13: No qualifying PRs or bonus points
EshwariBorade29: No qualifying PRs or bonus points
khushis28: No qualifying PRs or bonus points
JogiRohithKumar: No qualifying PRs or bonus points
IshuSinghSE: No qualifying PRs or bonus points
shanmukhchodagam: 130 points (includes 100 bonus points) (1 PRs)
  - Intermediate: 1 PRs
  - Bonus points:
    * 100 points for "Bonus Score (Participation in Giveaway / Sessions)"
aayishajalal: 600 points (includes 100 bonus points) (13 PRs)
  - Beginner: 1 PRs
  - Advanced: 12 PRs
  - Bonus points:
    * 100 points for "Bonus Score (Participation in Giveaway / Sessions)"
shriyanyk: 130 points (includes 100 bonus points) (1 PRs)
  - Intermediate: 1 PRs
  - Bonus points:
    * 100 points for "Bonus Score (Participation in Giveaway / Sessions)"
harkan28: No qualifying PRs or bonus points
aayushr22: No qualifying PRs or bonus points
shambhujadhav4: No qualifying PRs or bonus points
tejahussain279: No qualifying PRs or bonus points
VivekRai-gif: No qualifying PRs or bonus points
divijg19: No qualifying PRs or bonus points
Mahak0747: No qualifying PRs or bonus points
Coder-HNP: No qualifying PRs or bonus points
Deepu9981: No qualifying PRs or bonus points
Ishikacasley14: 160 points (includes 100 bonus points) (3 PRs)
  - Beginner: 3 PRs
  - Bonus points:
    * 100 points for "Bonus Score (Participation in Giveaway / Sessions)"
KALYANI2309K3s: No qualifying PRs or bonus points
SonaliK7654: No qualifying PRs or bonus points
Kirti8Singh: 140 points (includes 100 bonus points) (1 PRs)
  - Advanced: 1 PRs
  - Bonus points:
    * 100 points for "Bonus Score (Participation in Giveaway / Sessions)"
roushnisareen: 180 points (includes 100 bonus points) (3 PRs)
  - Beginner: 1 PRs
  - Intermediate: 2 PRs
  - Bonus points:
    * 100 points for "Bonus Score (Participation in Giveaway / Sessions)"
ch3hak: No qualifying PRs or bonus points
vivekkumar1412: No qualifying PRs or bonus points
Results saved to output/pr-scores-2025-08-22T18-01-56-612Z.json
Results saved to output/pr-scores.json
User scores saved to output/user-scores.js
PR list saved to output/pr-list.js
Summary saved to output/summary.js
Bonus info saved to output/bonus-info.js